C_ID,T_ID,Text,Completion
0,0,스타크래프트2 테란 지상(Ground) 유닛 정보,"스타크래프트2에 등장하는 테란 지상 유닛 정보를 알려드리겠습니다.
- 건설로봇(SCV) : 기본 일꾼 유닛입니다. 자원을 채취하고, 건물을 건설하며, 건물과 기계유닛을 수리할 수 있습니다.
- 지게로봇(MULE) : 일반 건설로봇보다 더 빨리 광물을 채취합니다. 궤도 사령부의 에너지 50을 소모하여 90초간 소환합니다. 
- 해병(Marine) : 병영에서 생산하는 다목적 보병 유닛으로 테란의 기본 공격 유닛 입니다.
- 사신(Reaper) : 병영에서 생산하는 기습 유닛입니다. 언덕을 오르내릴 수 있으며, 비전투시 체력이 빠르게 회복됩니다.
- 불곰(Marauder) : 병영에서 생산하는 중돌격 보병유닛 입니다. (기술실 필요)
- 유령(Ghost) : 병영에서 생산하는 저격수 입니다. 은폐, EMP, 부동조준과 같은 각종 전술 능력을 사용할 수 있으며, 전술 핵미사일을 투하할 수 있습니다.
- 공성 전차(Siege Tank) : 군수공장에서 생산. 공성모드로 전환하여 장거리 지원 포격이 가능한 중전차 입니다.
- 토르(Thor) : 군수공장에서 생산. 중돌격 기계 유닛으로 다양한 능력을 사용할 수 있습니다.
- 화염차(Hellion) : 군수공장에서 생산. 직선으로 불길을 뿜어, 불길이 닿는 모든 적에게 피해를 줍니다. 화염기갑병으로 변신이 가능합니다.
- 화염기갑병(Hellbat) : 군수공장에서 생산. 근거리 전투 유닛으로 전방에 작은 부채꼴 형태의 화염 공격을 합니다. 화염차로 변신이 가능합니다.
- 싸이클론(Cyclone) : 군수공장에서 생산. 기동형 차량으로, 목표물 고정을 사용해 이동 중에도 공격할 수 있습니다.
- 땅거미지뢰(Widow Mine) : 군수공장에서 생산. 로봇 지뢰입니다. 잠복 상태로 있다가 근처에 다가오는 적에게 미사일을 발사하여 범위 피해를 줍니다."
1,0,스타2 테란의 지상(Ground) 유닛들,"다음은 스타크래프트2에 등장하는 테란 지상 유닛 입니다.
- 건설로봇(SCV) : 기본 일꾼 유닛. 자원 채취와 건물 건설, 건물과 기계유닛 수리 가능.
- 지게로봇(MULE) : 일반 건설로봇보다 광물을 더 빨리 채취합니다. 궤도 사령부의 에너지 50을 소모하여 90초간 소환합니다. 
- 해병(Marine) : 병영에서 생산하는 테란의 기본 공격 유닛 입니다.
- 사신(Reaper) : 병영에서 생산하는 테란의 기습 보병 유닛. 언덕을 오르내릴 수 있으며, 비전투시 체력이 빠르게 회복.
- 불곰(Marauder) : 병영에서 생산하는 중돌격 보병유닛 입니다. (기술실 필요) 
- 유령(Ghost) : 병영에서 생산하는 유닛입니다. 은폐, EMP, 부동조준, 전술 핵미사일(유령사관학교 핵 배치 필요)을 투하를 사용할 수 있습니다. (기술실, 유령사관학교 필요)
- 공성 전차(Siege Tank) : 군수공장에서 생산하는 중전차. 공성모드로 전환하여 장거리 지원 포격 가능. (기술실 필요)
- 토르(Thor) : 군수공장에서 생산. 중돌격 기계 유닛 다양한 능력을 사용 가능. (기술실 필요)
- 화염차(Hellion) : 군수공장에서 생산. 직선으로 불길을 뿜어, 적에게 피해를 줌. 화염기갑병으로 변신 가능.
- 화염기갑병(Hellbat) : 군수공장에서 생산되는 근거리 전투 유닛. 전방에 작은 부채꼴 형태의 화염 공격. 화염차로 변신 가능.
- 싸이클론(Cyclone) : 군수공장에서 생산되는 기동형 차량, 목표물 고정능력으로 이동 중에도 공격 가능. (기술실 필요)
- 땅거미지뢰(Widow Mine) : 군수공장에서 생산. 로봇 지뢰. 잠복 상태로 있다가 근처에 다가오는 적에게 미사일을 발사, 범위 피해를 입힘."
2,0,스타2 테란의 모든 지상(Ground) 유닛,"다음은 스타크래프트2의 테란 지상 유닛 입니다.
- 건설로봇(SCV) : 기본 일꾼 유닛. 건물과 기계유닛 수리 가능하며, 자원 채취와 건물을 건설할 수 있음
- 지게로봇(MULE) : 궤도 사령부의 에너지 50을 소모하여 일정 시간동안 소환. 건설로봇보다 광물을 더 빨리 채취함. 
- 해병(Marine) : 테란의 기본 공격 유닛으로 병영에서 생산할 수 있음.
- 사신(Reaper) : 병영에서 생산되는 테란의 기습 보병 유닛으로, 언덕을 오르내릴 수 있으며, 비전투시 체력을 빠르게 회복함.
- 불곰(Marauder) : 중돌격 보병유닛 으로 기술실이 부착된 병영에서 생산할 수 있습니다. 
- 유령(Ghost) : 은폐, EMP, 부동조준, 전술 핵미사일(유령사관학교 핵 배치 필요)을 투하를 사용할 수 있는 고급 유닛입니다. 유령 사관학교가 건설됐다면 기술실이 부착된 병영에서 생산 가능합니다.
- 공성 전차(Siege Tank) : 공성모드로 전환하여 장거리 지원 포격이 가능한 기술실이 부착된 군수공장에서 생산하는 중전차 입니다.
- 토르(Thor) : 중돌격 기계 유닛으로 다양한 능력을 사용 가능합니다. 기술실이 부착된 군수공장에서 생산 가능합니다.
- 화염차(Hellion) : 직선으로 불길을 뿜어, 적에게 피해를 줌. 화염기갑병으로 변신 가능. 군수공장에서 생산 가능합니다.
- 화염기갑병(Hellbat) : 근거리 전투 유닛. 전방에 작은 부채꼴 형태의 화염 공격. 화염차로 변신 가능합니다. 군수공장에서 생산 가능합니다.
- 싸이클론(Cyclone) : 기술실이 부착된 군수공장에서 생산되는 기동형 차량입니다. 목표물 고정능력으로 이동 중에도 공격이 가능합니다.
- 땅거미지뢰(Widow Mine) : 잠복 상태로 있다가 근처에 다가오는 적에게 미사일을 발사하여 범위 피해를 입히는 로봇 지뢰입니다. 군수공장에서 생산 가능합니다."
3,0,스타크래프트2 테란 공중 유닛 정보,"스타크래프트2에 등장하는 테란 공중유닛 정보를 알려드리겠습니다.
- 바이킹(Viking) : 튼튼한 전투 지원기 입니다. 강력한 대주력함 공중 미사일을 탑재하고 있습니다. 돌격 모드로 변신하여 지상에 내려와 지상 유닛을 공격할 수 있습니다.
- 벤시(Banshee) : 전술 타격기입니다. 은폐 업그레이드를 사용하여 은폐가 가능합니다.
- 밤까마귀(Raven) : 공중 지원 유닛입니다. 자동 포탑 설치, 방해 매트릭스, 대장갑 미사일을 사용할 수 있습니다.
- 의료선(Medivac) : 공중 수송기입니다. 주위 생체 유닛을 치료하며, 재연소 장치를 사용하여 빠른 이동이 가능합니다.
- 전투순양함(Battlecruiser) : 강력한 군함입니다. 야마토 포와 전술 차원 도약을 사용할 수 있습니다."
4,0,스타2 테란 일꾼 정보,"스타크래프트2의 테란 일꾼은 건설로봇(SCV) 입니다.
건설로봇은 자원을 채취할 수 있으며, 자원을 소모하여 건물을 건설하거나 테란, 프로토스 기계 유닛과 테란 건물을 수리할 수 있습니다."
4,1,"스타2 테란 일꾼, 건설로봇 공격능력","건설로봇은 융합 절단기(Fusion Cutter)를 사용하여 지상 목표물을 공격할 수 있습니다. 자세한 정보는 아래와 같습니다.
- 공격력 : 5
- 사거리 : 근접(0.1)
- 공격 속도 : 1.5(아주 빠름 기준 1.07)
- 대상 : 지상 목표물"
4,2,"스타2 테란 일꾼, 건설로봇 방어 능력","건설로봇은 낮은 체력과 방어력을 보유하고 있습니다. 자원을 채취하는 중요한 유닛으로 다른 공격 유닛들의 호위가 필요합니다. 건설 로봇의 방어 능력은 아래와 같습니다.
- 생명력 : 45
- 방어력 : 0(+1)
- 특성 : 경장갑-생체-기계"
4,3,건설로봇에 적용 가능한 업그레이드,"건설로봇에 적용되는 업그레이드는 공학 연구소의 보병 장갑 업그레이드 1, 2, 3단계가 유일합니다."
4,4,건설 로봇의 기본 능력,"건설 로봇의 기본 능력은 6가지 입니다.
- 채취 : 선택한 광물 지대나 베스핀 간헐천에서 자원을 채취합니다.
- 자원 반환 : 운반한 자원을 가장 가까운 자원 수집 구조물로 옮깁니다.
- 건물 건설 : 기본 건물을 건설합니다.
- 고급 건물 건설 : 고급 건물을 건설합니다.
- 수리 : 일정 자원을 소모하여 테란, 프로토스 기계 유닛과 테란 건물의 체력을 복구합니다.
- 스프레이 : 현재 장착한 스프레이를 대상 위치의 지형에 그립니다."
5,0,스타크래프트2 테란의 기본 유닛 해병,"스타크래프트2의 테란 기본 공격 유닛은 해병(Marine)으로 볼 수 있습니다. 해병은 병영에서 생산 가능한 다목적 보병 유닛 입니다.
낮은 체력을 보유하고 있지만, 빠른 공격속도를 보유하고 있으므로 다수의 해병으로 구성된 부대는 막강한 파괴력을 자랑합니다."
5,1,해병의 공격 능력 ,"해병은 C-14 가우스 소총(C-14 Gauss Rifle)을 사용하여 지상 및 공중 유닛을 공격할 수 있습니다. 자세한 정보는 아래와 같습니다.
- 공격력 : 6(+1)
- 사거리 : 5
- 공격 속도 : 0.8608 --> 0.574(전투자극제 사용) / 아주 빠름에서 0.61 --> 0.41(전투자극제 사용)
- 대상 : 지상 및 공중 목표물"
5,2,해병의 방어 능력,"해병은 낮은 체력과 방어력을 보유하고 있습니다. 하지만 다수의 해병으로 구성된 부대는 강력한 화력을 자랑합니다. 자세한 정보는 아래와 같습니다.
- 생멱력 : 45 --> 55(전투 방패 업그레이드)
- 방어력 : 0(+1)
- 특성 : 경장갑-생체"
5,3,해병에 적용 가능한 업그레이드,"해병에 적용되는 업그레이드는 4가지가 있습니다.
- 전투 자극제 사용 : 몇 초 동안 이동 및 공격속도를 크게 향상스키지만, 사용 즉시 생명력 10을 잃습니다.
- 전투 방패 : 해병의 체력을 10만큼 증가시킵니다.
- 보병 무기 업그레이드 1, 2, 3 단계 : 해병의 공격력을 증가시킵니다.
- 보병 장갑 업그레이드 1, 2, 3 단계 : 해병의 방어력을 증가시킵니다."
5,4,해병의 기본 능력,해병이 보유한 별도의 기본 능력은 존재하지 않습니다.
6,0,스타2 해병의 기본 정보,해병(Marine)은 스타크래프트2에 등장하는 테란의 기본 지상 공격 유닛 입니다. C-14가우스 소총을 사용하며 여러명이 뭉치면 큰 화력을 낼 수 있습니다.
6,1,스타2 해병의 공격 능력,"해병은 C-14 가우스 소총(C-14 Gauss Rifle)을 사용하여 지상 및 공중 유닛을 공격할 수 있습니다. 자세한 정보는 아래와 같습니다.
- 공격력 : 6(+1)
- 사거리 : 5
- 공격 속도 : 0.8608 --> 0.574(전투자극제 사용) / 아주 빠름에서 0.61 --> 0.41(전투자극제 사용)
- 대상 : 지상 및 공중 목표물"
6,2,스타2 해병의 방어 능력,"해병은 낮은 체력과 방어력을 보유하고 있습니다. 하지만 다수의 해병으로 구성된 부대는 강력한 화력을 자랑합니다. 자세한 정보는 아래와 같습니다.
- 생멱력 : 45 --> 55(전투 방패 업그레이드)
- 방어력 : 0(+1)
- 특성 : 경장갑-생체"
6,3,해병에 적용 가능한 업그레이드,"해병에 적용되는 업그레이드는 4가지가 있습니다.
- 전투 자극제 사용 : 몇 초 동안 이동 및 공격속도를 크게 향상스키지만, 사용 즉시 생명력 10을 잃습니다.
- 전투 방패 : 해병의 체력을 10만큼 증가시킵니다.
- 보병 무기 업그레이드 1, 2, 3 단계 : 해병의 공격력을 증가시킵니다.
- 보병 장갑 업그레이드 1, 2, 3 단계 : 해병의 방어력을 증가시킵니다."
6,4,해병의 기본 능력,해병이 보유한 별도의 기본 능력은 존재하지 않습니다.
7,0,스타크래프트2 사신의 기본 정보,"사신(Reaper)은 스타크래프트2에 등장하는 테란 강습 유닛 입니다. 언덕을 오르내릴 수 있으며, 비전투시 체력이 빠르게 회복됩니다. 또한 KD8 지뢰를 사용하여 범위 피해를 입힐 수 있습니다."
7,1,사신의 공격 능력,"사신은 P-45 가우스 권총(P-45 Gauss Pistol)을 사용하여 지상 유닛을 공격합니다.
- 공격력 : 4(+1) x 2
- 사거리 : 5
- 공격 속도 : 1.1 (아주 빠름 기준 0.79)
- 대상 : 지상 목표물"
7,2,사신의 방어 능력,"사신은 낮은 체력을 가지고 있지만 높은 기동력으로 적에게 혼란을 줄 수 있습니다. 자세한 정보는 아래와 같습니다.
- 생명력 : 60
- 방어력 : 0(+1)
- 특성 : 경장갑-생체"
7,3,사신에 적용 가능한 업그레이드,"사신은 2가지 적용 가능한 업그레이드가 있습니다.
- 보병 무기 업그레이드 1, 2, 3 단계 : 사신의 공격력을 증가시킵니다.
- 보병 장갑 업그레이드 1, 2, 3 단계 : 사신의 방어력을 증가시킵니다."
7,4,사신의 기본 능력,"사신은 3가지 기본 능력을 보유하고 있습니다.
- KD8 지뢰 : 일정 시간 후 폭발하여 주위 유닛에게 5의 피해를 주고 밀쳐냅니다.
- 추진기 : 언덕을 오르내릴 수 있습니다.
- 전투 회복제 : 비전투 시 체력이 빠르게 회복됩니다."
8,0,불곰의 정보,"불곰(Marauder)는 테란의 중돌격 보병 유닛 입니다. 응징자 유탄(Punisher Grenades)로 적을 공격하며, 중장갑 상대의 적에게 보다 큰 피해를 입힙니다.
병영에 부착된 기술실에서 충격탄(Concussive Shells) 연구가 완료되면, 불곰의 응징자 유탄이 적을 일시적으로 느리게 만듭니다. (거대 유닛은 면역)"
9,0,불곰이 사용 가능한 업그레이드,"불곰에 적용할 수 있는 업그레이드는 아래와 같습니다.
- 전투 자극제 사용(Use Stimpack) : 병영의 부착된 기술실에서 연구 가능합니다. 불곰이 사용할 경우 즉시 20의 피해를 입지만, 몇 초 동안 이동속도와 공격속도를 크게 향상시킵니다.
- 충격탄(Concussive Shells) : 병영의 부착된 기술실에서 연구 가능합니다. 불곰의 기본 공격에 적중한 적 유닛을 일시적으로 느리게 만듭니다. 거대 유닛은 면역입니다.
- 보병 무기 업그레이드 1, 2, 3 단계 : 공학 연구소에서 연구 가능합니다. 불곰의 공격력을 증가시키는 업그레이드 입니다.
- 보병 장갑 업그레이드 1, 2, 3 단계 : 공학 연구소에서 연구 가능합니다. 불곰의 방어력을 증가시킵니다."
10,0,스타2 불곰의 기본 정보,"스타크래프트2에 등장하는 불곰(Marauder)은 테란의 중돌격 보병으로 응진자 유탄(Punisher Grenades)을 사용하며, 중장갑 상대의 적에게 큰 피해를 입히는 보병 유닛 입니다.
높은 체력을 보유하고 있어 체력이 낮은 해병을 보호하며 전투가 가능합니다."
10,1,불곰의 공격 능력,"불곰은 응징자 유탄(Punisher Grenades)를 사용하여 적을 공격하며 중장갑 상대의 적에게 보다 큰 피해를 입힙니다.
- 공격력 : 10(+1) / 중장갑 상대 : 20(+2)
- 사거리 : 6
- 공격 속도 : 1.5 --> 1(전투 자극제 사용)
- 대상 : 지상 목표물"
10,2,불곰의 방어 능력,"불곰은 높은 체력을 보유하고 있지만 지상 공격만 가능하여, 해병 부대와 조합하여 사용하는 것이 좋습니다.
- 생명력 : 125
- 방어력 : 1(+1)
- 특성 : 중장갑-생체"
10,3,불곰의 기본 능력,불곰이 보유한 기본 능력은 존재하지 않습니다.
10,4,불곰에 적용 가능한 업그레이드,"불곰에 적용 가능한 업그레이드는 4가지가 있습니다.
- 전투 자극제 사용(Use Stimpack) : 몇 초 동안 이동 및 공격속도를 크게 향상스키지만, 사용 즉시 생명력 20을 잃습니다.
- 충격탄(Concussive Shells) : 불곰이 명중시킨 대상의 움직임이 일시적으로 느려집니다. (거대 유닛은 면역)
- 보병 무기 업그레이드 1, 2, 3 단계 : 불곰의 공격력을 증가시킵니다.
- 보병 장갑 업그레이드 1, 2, 3 단계 : 불곰의 방어력을 증가시킵니다."
11,0,스타크래프트2 유령의 기본 정보,스타크래프트2 에서 등장하는 유령(Ghost)는 사이오닉 능력을 가진 테란의 전술 지상 유닛 입니다. 부동 조준을 사용하여 목표물에게 큰 피해를 주며 EMP탄환을 사용하여 상대의 마법 및 은폐 유닛을 무력화 시킬 수 있습니다.
11,1,유령의 공격 능력,"유령은 C-10 산탄 소총(C-14 Canister Rifle)을 사용하며, 경장갑 상대 유닛에게 큰 피해를 입힐 수 있습니다.
- 공격력 : 10(+1) / 경장갑 상대 : 20(+2)
- 사거리 : 6
- 공격 속도 : 1.5(아주 빠름 기준 1.07)
- 대상 : 지상 및 공중 목표물"
11,2,유령의 방어 능력,"유령은 해병보다 높은 체력을 가졌으며, 은폐 능력을 사용하여 적의 감지를 회피할 수 있습니다.
- 생명력 : 100
- 방어력 : 0(+1)
- 특성 : 생체-사이오닉"
11,3,유령의 기본 능력,"유령은 5가지 기본 능력이 존재합니다.
- 부동 조준 : 목표를 조준하여 유령이 캐스팅 시간동안 피해를 받지 않으면 저격하여 큰 피해(130 / 사이오닉:170)를 입힙니다. 방어력을 무시합니다.
- EMP 탄환 : 선택 영역에 EMP를 생성하여, 그 안에 있는 모든 유닛의 에너지와 보호막에 100의 피해를 입힙니다. 은폐 유닛을 잠시 드러냅니다.
- 전술 핵 공격 : 유령 사관학교에서 생산한 전술 핵미사일을 해당 지점에 투하합니다.
- 공격 중지 : 무기를 집어넣고 공격을 수행하지 않습니다.
- 무기 사용 : 무기를 꺼내 자동 공격을 수행합니다."
11,4,유령에 적용 가능한 업그레이드,"유령은 한가지 업그레이드가 존재합니다.
- 은폐 : 유령을 은폐시켜 적의 감지로부터 숨깁니다.
- 보병 무기 업그레이드 1, 2, 3 단계 : 유령의 공격력을 증가시킵니다.
- 보병 장갑 업그레이드 1, 2, 3 단계 : 유령의 방어력을 증가시킵니다."
12,0,스타2 바이킹의 기본 정보,"바이킹(Viking)은 스타크래프트2에 등장하는 테란 공중 유닛 입니다. 공중을 공격할 수 있는 전투기 모드와, 지상에 내려와 지상 유닛을 공격할 수 있는 돌격 모드 전환이 가능합니다."
12,1,바이킹의 공격 능력,"바이킹의 공격 능력은 아래와 같습니다.

랜저 유도탄(Lanzer Torpedoes)을 사용하는 공중 공격 모드(전투기 모드)
- 공격력 : 10(+1) x 2 / 중장갑 상대 : 14(+1) x 2
- 사거리 : 9
- 공격 속도 : 2(아주빠름 1.43)
- 대상 : 공중 목표물 

개틀링 포(Gatling Cannon)을 사용하는 지상 공격 모드(돌격 모드)
- 공격력 : 12(+1) / 기계 상대 : 20(+2)
- 사거리 : 6
- 공격 속도 : 1(아주 빠름 기준 0.71)
- 대상 : 지상 목표물"
12,2,바이킹의 방어 능력,"바이킹은 높은 체력을 가진 기계 유닛으로 다양한 목적으로 사용 가능합니다.
- 생명력 : 135
- 방어력 : 0(+1)
- 특성 : 중장갑-기계"
12,3,바이킹에 적용 가능한 업그레이드,"바이킹은 3가지 적용 가능한 업그레이드가 있습니다.
- 지능형 제어 장치 : 바이킹의 전투 모드를 빠르게 전환합니다.
- 우주선 무기 업그레이드 1, 2, 3 단계 : 바이킹의 공격력을 증가시킵니다.
- 차량 및 우주선 장갑 업그레이드 1, 2, 3 단계 : 바이킹의 방어력을 증가시킵니다."
12,4,바이킹이 보유한 기본 능력,"바이킹은 두가지 기본 능력이 존재합니다.
- 돌격 모드 : 바이킹을 돌격 모드로 전환합니다. 지상으로 이동하며 지상 목표물만 공격합니다.
- 전투기 모드 : 바이킹을 전투기 모드로 전환합니다. 공중으로 이동하며 공중 목표물만 공격합니다."
13,0,스타크래프트2 테란 공성전차 기본 정보,스타크래프트2의 테란 공성전차(Siege Tank)는 스타크래프트1에 등장하는 시즈탱크와 마찬가지로 공성모드로 전환이 가능한 지상 공성유닛 입니다. 공성모드에선 사거리와 공격력이 증가하지만 이동이 불가능해 호위 유닛이 필요합니다.
13,1,공성전차의 공격 능력,"공성전차는 두가지 타입으로 공격을 수행합니다.

전차모드 : 90mm포(90mm Cannoons)를 사용하여 공격합니다.
- 공격력 : 15(+2) / 중장갑 상대 : 25(+3)
- 사거리 : 7
- 공격속도 : 1.04(아주 빠름 기준 0.74)
- 대상 : 지상 목표물 

공성 모드 : 크루시오 충격포(Crucio Shock Cannon)
- 공격력 : 40(+4) (방사피해) / 중장갑 상대 : 70(+5) (방사피해)
- 사거리 : 2~13 (가까이 있는 목표물 공격 불가)
- 공격속도 : 3(아주 빠름 기준 2.14)
- 대상 : 지상 목표물"
13,2,공성전차의 방어 능력,"공성 전차는 높은 체력과 방어력을 가지고 있습니다. 그러나 빠르게 접근하는 대상들에게 취약하므로 호위 병력이 필요합니다.
- 생명력 : 175
- 방어력 : 1(+1)
- 특성 : 중장갑-기계"
13,3,공성전차에 적용 가능한 업그레이드,"공성전차는 두가지 적용 가능한 업그레이드가 있습니다.
- 차량 무기 업그레이드 1, 2, 3 단계 : 공성전차의 공격력을 증가시킵니다.
- 차량 및 우주선 장갑 업그레이드 1, 2, 3 단계 : 공성전차의 방어력을 증가시킵니다."
13,4,공성전차의 기본 능력,"공성 전타는 두개의 기본 능력이 있습니다.
- 공성 모드 : 공성 전차를 공성모드로 전환합니다. 사거리가 증가하며 큰 피해를 줍니다. 그러나 이동이 불가능하고 근접한 적 유닛을 공격할 수 없습니다.
- 전차 모드 : 공성 모드에서 전차 모드로 전환합니다. 이동할 수 있으나 사거리와 공격력이 감소합니다."
14,0,스타크래프트2 토르의 기본 정보,토르(Thor)는 스타크래프트2에 등장하는 테란의 지상 중돌격 기계 유닛 입니다. 높은 체력과 강력한 공격력으로 막강한 파워를 자랑합니다. 지상과 공중 모두 공격이 가능합니다. 공중 공격의 모드를 변환할 수 있습니다.
14,1,토르의 공격 능력,"토르는 높은 공격력을 가지고 있습니다. 

토르의 망치(Thor's Hammer)
- 공격력 : 30 (+3) × 2
- 사거리 : 7
- 공격 속도 : 1.28 (아주 빠름 기준 0.91)
- 대상 : 지상 목표물

폭약 탄두: 재블린 미사일 발사기 Javelin Missile Launchers[28]
- 공격력 : 기본: 6 (+1) × 4 (방사 피해) / 경장갑 상대: 12 (+2) × 4 (방사 피해)
- 사거리 : 10
- 공격 속도 : 3 (아주 빠름 기준 2.14)
- 대상 : 공중 목표물

고충격 탄두: 250mm 천벌포 250mm Punisher Cannons
- 공격력 : 기본: 25 (+3) / 거대 상대: 35 (+4)
- 사거리 : 11
- 공격 속도 : 1.28 (아주 빠름 기준 0.91)
- 대상 : 공중 목표물"
14,2,토르의 방어 능력,"토르는 높은 체력과 방어력을 가진 중돌격 기계 유닛 입니다. 하지만 느린 공격속도로 저글링과 같이 빠르게 접근하는 다수의 적을 상대하기 버겁습니다. 해병과 같은 호위 유닛과 사용하면 효과가 좋습니다.
- 생명력 : 400
- 방어력 : 1(+1)
- 특성 : 중장갑-기계-거대"
14,3,토르의 기본 능력,"토르는 두 가지 기본 능력이 있습니다.
- 고충격 탄두 : 토르의 250mm 천벌포를 활성화 합니다. 천벌포는 단일 공중 유닛을 공격하여 큰 피해를 줍니다.
- 폭약 탄두 : 토르에 재블린 미사일 발사기를 장착합니다. 주변 공중 유닛에게 방사 피해를 입히며, 경장갑 유닛에게 추가 피해를 줍니다."
14,4,토르에 적용 가능한 업그레이드,"토르는 3가지 적용 가능한 업그레이드가 있습니다.
- 지능형 제어 장치 : 토르의 전투 모드를 빠르게 전환합니다.
- 차량 무기 업그레이드 1, 2, 3 단계 : 토르의 공격력을 증가시킵니다.
- 차량 및 우주선 장갑 업그레이드 1, 2, 3 단계 : 토르의 방어력을 증가시킵니다."
15,0,화염차의 기본 정보,화염차(Hellion)은 스타크래프트2에 등장하는 테란의 지상 정찰 및 전략 유닛 입니다. 빠른 기동성과 경장갑 상대의 높은 공격력으로 상대 를 혼란에 빠트릴 수 있습니다.
15,1,화염차의 기본 능력,"화염차는 낮은 체력을 보유했지만 빠른 기동성으로 경장갑 유닛들을 상대하기 좋습니다.
- 공격력 : 8(+1)(방사 피해) / 경장갑 대상 : 14 --> 19(+2)(지옥불 조기점화기)(방사피해)
- 사거리 : 5
- 공격속도 : 2.5(아주 빠름 기준 1.79)
- 지상 목표물"
15,2,화염차의 방어 능력,"화염차는 낮은 체력을 보유했지만 빠른 기동성으로 적들에게 혼란을 주기 좋고, 정찰 및 게릴라에 특화되어 있습니다. 또한 화염기갑병(Hellbat)으로 변신하여 생명력을 약간 높이고 공격력을 크게 증가시킬 수 있습니다."
15,3,화염차에 적용 가능한 업그레이드,"화염차가 사용 가능한 업그레이드는 4가지가 있습니다.
- 지옥불 조기점화기 : 화염차가 경장갑 유닛에게 5의 추가 피해를 입힙니다.
- 지능형 제어장치 : 화염차가 화염기갑병으로 빠르게 변환합니다.
- 차량 무기 업그레이드 1, 2, 3 단계 : 화염차의 공격력을 증가시킵니다.
- 차량 및 우주선 장갑 업그레이드 1, 2, 3 단계 : 화염차의 방어력을 증가시킵니다."
15,4,화염차의 기본 능력,"화염차는 한가지 기본 능력이 존재합니다.
- 화염 기갑병 모드 : 화염차를 근거리 전투 유닛인 화염 기갑병으로 변신시킵니다. 화염 기갑병은 전방에 작은 부채꼴 형태의 화염 공격을 합니다."
16,0,화염 기갑병의 기본 정보,"화염기갑병(Hellbat)은 화염차가 돌격 모드로 변신한 지상 유닛입니다.. 군수공장에서 바로 생산할 수도 있습니다.
화염차보다 느린 기동력을 가졌지만 경장갑 상대로 매우 큰 피해를 입히므로 본대와 함께 전투를 수행합니다."
16,1,화염 기갑병의 공격 능력,"화염 기갑병은 작은 부채꼴의 네이팜 분사(Napalm Spray)공격을 합니다.
- 공격력 : 18(+2)(방사 피해) / 경장갑 대상 : 18 --> 30(+2)(지옥불 조기점화기)(방사피해)
- 사거리 : 2
- 공격속도 : 2(아주 빠름 기준 1.43)
- 대상 : 지상 목표물"
16,2,화염 기갑병의 방어 능력,"화염 기갑병은 화염차보다 높은 체력을 가졌지만 이동속도가 느립니다. 추적자와 같이 빠른 원거리 유닛에게 약하므로 불곰, 해병과 같은 호위 병력이 필요합니다.
- 생명력 : 135
- 방어력 : 0(+1)
- 특성 : 경장갑-생체-기계"
16,3,화염 기갑병에 적용 가능한 업그레이드,"화염기갑병이 사용 가능한 업그레이드는 4가지가 있습니다.
- 지옥불 조기점화기 : 화염기갑병이 경장갑 유닛에게 12의 추가 피해를 입힙니다.
- 지능형 제어장치 : 화염기갑병이 화염차로 빠르게 변환합니다.
- 차량 무기 업그레이드 1, 2, 3 단계 : 화염기갑병의 공격력을 증가시킵니다.
- 차량 및 우주선 장갑 업그레이드 1, 2, 3 단계 : 화염기갑병의 방어력을 증가시킵니다."
16,4,화염 기갑병의 능력,"화염 기갑병은 하나의 기본 능력이 존재합니다.
- 화염차 모드 : 화염 기갑병을 기동력이 높은 화염차로 변신시킵니다. 화염차는 일직선의 화염 공격을 합니다."
17,0,스타크래프트2 벤시의 기본 정보,벤시(Banshee)는 스타크래프트2에 등장하는 테란 공중 전술 타격기 입니다. 지상만 공격할 수 있으며 은폐 능력을 사용하여 상대에게 혼란을 줄 수 있습니다.
17,1,벤시의 공격 능력,"벤시는 공중을 사용한 기동력과 은폐를 사용하여 적의 공격을 피할 수 있습니다. 반동 로켓포(Backlash Rockets)를 사용하여 지상 유닛을 공격합니다.
- 공격력 : 12(+1) x 2
- 사정거리 : 6
- 공격 속도 : 1.25(아주 빠름 기준 0.89)
- 대상 : 지상 목표물"
17,2,벤시의 방어 능력,"밴시는 은폐를 사용하여 적의 공격을 회피할 수 있습니다. 다만 공중 공격은 불가능 하므로, 바이킹과 같은 호위 유닛이 필요합니다.
- 생명력 : 140
- 방어력 : 0(+1)
- 특성 : 경장갑-기계"
17,3,벤시에 사용 가능한 업그레이드,"밴시가 사용 가능한 업그레이드는 3가지가 있습니다.
- 은폐 : 적 유닛이 보거나 공격하지 못하게 밴시를 은폐합니다. 은폐는 탐지기나 탐지 효과로만 적에게 드러납니다.
- 우주선 무기 업그레이드 1, 2, 3 단계 : 밴시의 공격력을 증가시킵니다.
- 차량 및 우주선 장갑 업그레이드 1, 2, 3 단계 : 밴시의 방어력을 증가시킵니다."
17,4,벤시의 기본 능력,벤시가 보유한 기본 능력은 존재하지 않습니다.
18,0,스타크래프트2 밤까마귀의 기본 정보,"밤까마귀(Raven)은 스타크래프트2에 등장하는 테란 공중 지원 유닛 입니다. 자동 포탑 설치, 방해 매트릭스, 대장갑 미사일 사용이 가능합니다."
18,1,밤까마귀의 공격 능력,"밤까마귀의 기본 공격 능력은 존재하지 않지만, 여러 능력으로 공격 지원이 가능합니다."
18,2,밤까마귀의 방어 능력,"밤까마귀는 보유한 능력으로 다른 유닛들을 지원하는 공중 지원 유닛입니다.
- 생명력 : 140
- 방어력 : 1(+1)
- 특성 : 경장갑-기계"
18,3,밤까마귀의 기본 능력,"밤까마귀는 3개의 기본 능력이 존재합니다.
- 자동 포탑 건설 : 자동 방어 포탑을 건설하여 잠시동안 해당 지역을 방어합니다. 지상 및 공중 유닛 공격이 가능합니다.
- 대장갑 미사일 : 미사일은 대상 유닛을 추적하여 적중시 방어력과 보호막 방어력을 2 감소 시킵니다.
- 탐지기 : 밤까마귀는 은폐, 잠복, 환상 유닛을 탐지할 수 있습니다."
18,4,밤까마귀에 적용 가능한 업그레이드,"밤까마귀는 두개의 적용 가능한 업그레이드가 있습니다.
- 방해 매트릭스 : 대상 유닛을 비활성화시켜 잠시동안 공격하거나 능력을 사용하지 못하게 만듭니다. 은폐한 유닛을 드러냅니다. 생체 유닛, 건물에 사용 불가능 합니다.
- 차량 및 우주선 장갑 업그레이드 1, 2, 3 단계 : 밤까마귀의 방어력을 증가시킵니다."
19,0,스타2 테란 의료선의 기본 정보,"의료선(Medvac)은 스타크래프트2에 등장하는 공중 수송기 입니다. 주위 생체 유닛을 치료하며, 재연소 장치를 사용하여 빠르게 이동할 수 있습니다."
19,1,테란 의료선의 공격 능력,의료선은 공격 기능이 존재하지 않습니다. 다만 주위 생체 유닛을 치료하는 능력으로 공격을 지원할 수 있습니다.
19,2,의료선의 방어 능력,"의료선은 공격 기능이 없으므로 주위의 호위를 받아야 합니다. 해병의 호위를 받을 경우, 해병의 체력을 회복시키며 전투를 보조할 수 있습니다.
- 생명력 : 150
- 방어력 : 1(+1)
- 특성 : 중장갑-기계"
19,3,의료선의 기본 능력,"의료선은 3개의 기본 능력이 존재합니다.
- 치료 : 아군 생체 유닛을 치료합니다. 아군 저그, 테란 프로토스 생체 유닛 치료가 가능합니다.
- 재연소 장치 점화 : 의료선의 이동속도를 잠시동안 증가시킵니다.
- 들이기 : 의료선의 탑승칸에 유닛을 들입니다.
- 모두 내보내기 : 탑승한 모든 유닛을 내보냅니다."
19,4,의료선에 적용 가능한 업그레이드,"의료선은 두개의 적용 가능한 기술이 있습니다.
- 카두세우스 반응로 : 의료선의 초기 에너지를 25만큼 증가시킵니다.
- 차량 및 우주선 장갑 업그레이드 1, 2, 3 단계 : 의료선의 방어력을 증가시킵니다."
20,0,스타2 테란 전투순양함의 기본 정보,스타크래프트2에 등장하는 전투 순양함(Battlecruiser)은 테란의 가장 강력한 공중 군함 입니다. 야먀토포와 전술 차원 도약을 사용하여 전투가 가능합니다.
20,1,전투 순양함의 공격 능력,"전투순양함은 공중 및 지상공격이 모두 가능합니다.
공대지 레이저포대(ATS Laser Battery)를 사용한 지상 공격 
- 공격력 : 8(+1)
- 사거리 : 6
- 공격 속도 : 0.225(아주 빠름 기준 0.16)
- 대상 : 지상 목표물 

공대공 레이저 포대(ATA Laster Battery)
- 공격력 5(+1)
- 사거리 : 6
- 공격 속도 : 0.225(아주 빠름 기준 0.16)
- 대상 : 공중 목표물"
20,2,전투 순양함의 방어 능력,"전투 순양함은 높은 체력과 방어력을 가진 테란의 주력 우주전함 입니다.
- 체력 : 550
- 방어력 : 3(+1)
- 특성 : 중장갑-기계-거대"
20,3,전투 순양함의 기본 능력,"전투 순양함은 한가지 기본 능력 사용이 가능합니다.
- 전술 차원 도약 : 캐스팅 시간이 지나면 목표한 위치로 순간이동 합니다. 순간이동 중인 전투순양함은 무적 상태가 됩니다."
20,4,전투 순양함에 적용 가능한 업그레이드,"전투 순양함은 3가지 적용 가능한 업그레이드가 있습니다.
- 야마토 포 : 잠깐의 캐스팅 시간 후, 강력한 플라스마 포로 대상을 공격하여 240의 피해를 줍니다.
- 우주선 무기 업그레이드 1, 2, 3 단계 : 전투순양함의 공격력을 증가시킵니다.
- 차량 및 우주선 장갑 업그레이드 1, 2, 3 단계 : 전투순양함의 방어력을 증가시킵니다."
21,0,스타크래프트2 자동 포탑의 기본 정보,자동 포탑은 스타크래프트2에 등장하는 테란 지상 건물 입니다. 자동 포탑은 밤까마귀에 의해서 생산될 수 있습니다. 밤까마귀는 선택한 장소에 밤까마귀를 설치하여 일정 범위를 자동 포탑으로 방어할 수 있습니다.
21,1,자동 포탑의 공격 능력,"자동 포탑은 12mm 가우스 포(12mm Gauss Cannon)을 사용하여 감지되는 영역 내의 적을 자동으로 공격합니다.
- 공격력 18
- 사거리 : 6 --> 7 (정밀 보안 자동추적기)
- 공격 속도 : 0.8(아주 빠름 기준 0.57)
- 대상 : 지상 및 공중 목표물"
21,2,자동 포탑의 방어 능력,"자동 포탑은 일정 영역을 방어하는 소환 구조물 입니다. 사거리 내의 적을 자동으로 공격하므로 자동 포탑 주위의 유닛을 보호할 수 있습니다.
- 체력 : 100
- 방어력 : 0
- 특성 : 중장갑-기계-구조물-소환됨"
21,3,자동 포탑에 적용 가능한 업그레이드,"자동 포탑은 1가지 적용 가능한 업그레이드가 있습니다.
- 정밀 보안 자동 추적기 : 자동포탑의 사거리가 1만큼 증가합니다."
21,4,자동 포탑의 기본 능력,자동 포탑이 보유한 기본 능력은 존재하지 않습니다.
22,0,스타크래프트2 땅거미 지뢰의 기본 정보,땅거미 지뢰(Widow Mine)는 스타크래프트2에 등장하는 테란 지상 유닛 입니다. 잠복 상태로 있다가 근처로 다가오는 적에게 미사일을 발사하여 대상과 그 주변 소규모에 범위 피해를 입힙니다.
22,1,땅거미 지뢰의 공격 능력,"땅거미 지뢰는 기본 공격 능력이 없지만, 감시 미사일을 사용해 적을 공격합니다."
22,2,땅거미 지뢰의 방어 능력,"땅거미 지뢰는 낮은 체력을 가졌지만 높은 파괴력을 가지고 있습니다. 호위 유닛과 함께 전투를 수행하거나 잠복 기능을 사용하여 적의 후방을 교란시킬 수 있습니다.
- 생명력 : 90
- 방어력 : 0(+1)
- 특성 : 경장갑-기계"
22,3,땅거미 지뢰의 기본 능력,"땅거미 지뢰는 3개의 기본 능력을 보유하고 있습니다.
- 감시 미사일 : 접근하는 적 지상 및 공중 유닛에게 미사일을 발사하여 공격합니다. 은폐된 적은 감지하지 못하며 재장전시 유닛이 노출됩니다.
- 지뢰 활성화 : 땅거미 지뢰를 잠복시켜 감시 미사일 공격이 가능하게 합니다. 활성화시 움직일 수 없습니다.
- 지뢰 비활성화 : 땅거미 지뢰를 잠복 해제하고, 이동할 수 있게 합니다. 미사일 공격이 불가능 합니다."
22,4,땅거미 지뢰에 적용 가능한 업그레이드,"땅거미 지뢰는 3개의 적용 가능한 업그레이드가 있습니다.
- 천공 발톱 : 땅거미 지뢰가 더 빠르게 잠복할 수 있습니다.
- 은폐 : 무기고를 건설하면 은폐 기능이 활성화되고, 재장전시 노출되지 않습니다.
- 차량 및 우주선 장갑 업그레이드 1, 2, 3 단계 : 땅거미지뢰의 방어력을 증가시킵니다."
23,0,스타크래프트2 테란 싸이클론의 기본 정보,싸이클론(Cyclone)은 스타크래프트2에 등장하는 테란 지상 유닛 입니다. 목표물 고정을 사용해 이동 중에도 공격이 가능한 기동형 차량 입니다.
23,1,싸이클론의 공격 능력,"싸이클론은 태풍 미사일 포(Typhoon Missile Pod)를 사용하여 지상 및 공중 유닛을 공격합니다.
- 공격력 : 11(+1) / 기계 상대 : 14(+1)
- 사거리 : 6 --> 9(목표물 고정)
- 공격 속도 : 0.6738(아주 빠름 기준 0.48)
- 대상 : 지상 및 공중 목표물"
23,2,싸이클론의 방어 능력,"싸이클론은 높은 기동성으로 적을 교란시키며 단독으로 사용할 수 있습니다.
- 생명력 : 110
- 방어력 : 0(+1)
- 특성 : 중장갑-기계"
23,3,싸이클론의 기본 능력,"싸이클론의 기본 능력은 두개가 있습니다.
- 목표물 고정 : 대상 유닛을 고정하며 고정 대상을 향한 공격 사거리가 증가합니다. 또한 목표물 고정이 된 대상은 싸이클론이 움직이면서 공격할 수 있습니다.
- 취소 : 현재의 목표물 고정을 취소하고 새로운 대상을 선택할 수 있습니다."
23,4,싸이클론에 적용 가능한 업그레이드,"싸이클론은 세가지 적용 가능한 업그레이드가 있습니다.
- 허리케인 추진기 : 싸이클론의 이동속도를 증가시킵니다.
- 차량 무기 업그레이드 1, 2, 3 단계 : 싸이클론의 공격력을 증가시킵니다.
- 차량 및 우주선 장갑 업그레이드 1, 2, 3 단계 : 싸이클론의 방어력을 증가시킵니다."
24,0,스타크래프트2 테란 해방선의 기본 정보,해방선(Liberator)는 스타크래프트2에 등장하는 테란 공중 유닛 입니다. 수호기 모드를 사용하여 원하는 영역을 쉽게 방어할 수 있습니다. 전투기 모드를 사용하여 공중 공격을 할 수 있습니다.
24,1,해방선의 공격 능력,"해방선은 지상공격만 가능한 수호기 모드, 공중 공격만 가능한 전투기 모드가 있습니다.
전투기모드에서 렉싱턴 로켓(Lexington Rockets)을 사용한 공중 공격 
- 공격력 : 5(+1) x 2 (방사 피해)
- 사거리 : 5
- 공격 속도 : 1.8(아주 빠름 기준 1.29)
- 대상 : 공중 목표물 

수호기 모드에서 콩코드 포(Concord Cannon)을 사용한 지상 공격 
- 공격력 : 75(+5)
- 사정거리 : 10 --> 13(첨단 탄도 시스템)
- 공격 속도 : 1.6(아주 빠름 기준 1.14)
- 대상 : 지상 유닛"
24,2,해방선의 방어 능력,"해방선이 수호기 모드일때, 움직일 수 없습니다. 따라서 수호기를 호위할 수 있는 유닛들을 근처에 배치하는 것이 좋습니다.
- 생명력 : 180
- 방어력 : 0(+1)
- 특성 : 중장갑-기계"
24,3,해방선의 기본 능력,"해방선은 두 가지 기본 능력이 있습니다.
- 수호기 모드 : 전투기 모드에서 수호기 모드로 전환합니다. 단일 지상 유닛에게 피해를 주며, 움직일 수 없습니다.
- 전투기 모드 : 수호기 모드에서 전투기 모드로 돌아갑니다. 이동이 가능하지만, 공중 공격만 가능합니다."
24,4,해방선에 적용 가능한 업그레이드,"해방선은 3가지 적용 가능한 업그레이드가 있습니다.
- 첨단 탄도 시스템 : 해방선의 수호기 모드에서 사거리가 3만큼 증가합니다.
- 우주선 무기 업그레이드 1, 2, 3 단계 : 해방선의 공격력을 증가시킵니다.
- 차량 및 우주선 장갑 업그레이드 1, 2, 3 단계 : 해방선의 방어력을 증가시킵니다."
25,0,스타크래프트2 테란 건물 목록,"스타크래프트2 테란 종족의 건설 가능한 건물 목록 입니다.
- 사령부 : 일꾼을 생산하며, 자원을 저장할 수 있습니다.
  - 궤도 사령부 : 지게로봇 투하와 스캐너 탐색이 가능합니다.
  - 행성 요새 : 이빅스 포를 장착한 사령부로, 지상 목표물 공격이 가능합니다.
- 정제소 : 베스핀 간헐천 위에 건설이 가능하며, 베스핀 가스 채취를 시작할 수 있습니다.
- 보급고 : 최대 보급 한도를 8 늘립니다. 총 보급 최대값은 200 입니다.
- 병영 : 보병 유닛을 생산하는 건물 입니다.
- 공학 연구소 : 보병 및 테란의 구조믈 관련 업그레이드를 수행할 수 있습니다.
- 미사일 포탑 : 공중을 수비하는 방어 구조물 입니다.
- 벙커 : 테란 보병이 들어가서 안전하게 지역을 방어할 수 있습니다.
- 감지탑 : 일정 범위의 적들을 감지합니다.
- 유령 사관학교 : 유령 업그레이드와 핵미사일 생산이 가능합니다.
- 우주공항 : 우주선을 생산할 수 있습니다.
- 군수공장 : 테란 지상 기계유닛을 생산할 수 있습니다.
- 무기고 : 테란 기계유닛 업그레이드가 가능합니다.
- 융합로 : 전투순양함 관련 업그레이드가 가능합니다.
- 기술실 : 일부 건물의 부속건물로 생산되는 유닛의 기술을 업그레이드 할 수 있습니다.
- 반응로 : 일부 건물의 부속 건물로 유닛을 두 기씩 생산할 수 있습니다."
26,0,스타2 테란 사령부의 정보,"스타크래프트 2의 사령부는 테란의 기본 시작 건물 입니다. 건설로봇을 훈련하여 주위 자원을 채취하며 15의 보급품을 제공합니다. 궤도 사령부 혹은 행성요새로 업그레이드 가능합니다.
| 속성 | 정보 |
|-----|-----|
| 비용 | 미네랄 400|
| 건설 시간 | 100초(아주 빠름 기준 71초)|
| 체력 | 1500 |
| 방어력 | 1 --> 3 (신소재 강철 장갑)|
| 특성 | 중장갑-기계-구조물 |
| 시야 | 11 |

특수 능력
- 궤도 사령부로 업그레이드 : 사령부를 궤도 사령부를 업그레이드하여 스캐너 탐색, 지게로봇 투하, 추가 보급품 투하를 사용할 수 있습니다. 건설로봇을 들일 수 없습니다
- 행성 요새로 업그레이드 : 강력한 방어 포탑으로 무장한 행성 요새로 업그레이드 합니다. 행성 요새는 이륙할 수 없지만 방어력이 크게 향상됩니다.
- 들이기 : 주위 건설 로봇을 사령부에 들입니다.
- 모두 내보내기 : 모든 건설로봇을 내보냅니다.
- 이륙 : 사령부를 저속 비행 유닛으로 전환합니다. 공중에선 이동만 가능합니다.
- 착륙 : 선택한 위치에 사령부를 착륙시킵니다. 착륙 후 모든 기능을 사용할 수 있습니다."
27,0,궤도 사령부의 정보,"궤도 사령부는 스타크래프트2 테란의 사령부를 업그레이드한 건물 입니다. 사령부를 궤도사령부로 업그레이드 할 경우, 3가지 추가 능력을 사용할 수 있습니다. 일꾼 들이기 기능은 사라집니다.
- 투하, 지게로봇 : 선택한 위치에 지게로봇을 투하합니다. 지게로봇은 건설로봇보다 더 빠르게 자원을 채취하거나 테란, 프로토스 기계 유닛, 테란 건물을 수리할 수 있습니다.
- 투하, 추가보급품 : 선택한 보급고에 추가 보급품을 투하하여 보급품 공급량을 최대 8 증가시킵니다. (보급품 최대 수치: 200)
- 스캐너 탐색 : 지도 상의 특정 지역을 봅니다. 은폐상태이거나 잠복한 유닛을 탐지합니다.
| 속성 | 정보 |
|-----|-----|
| 비용 | 미네랄 150|
| 건설 시간 | 35초(아주 빠름 기준 25초)|
| 체력 | 1500 |
| 에너지 | 50(초기) --> 200(최대)|
| 방어력 | 1 --> 3 (신소재 강철 장갑) |
| 특성 | 중장갑-기계-구조물 |
| 시야 | 11 |"
28,0,행성요새의 정보,"행성요새는 스타크래프트2 테란의 사령부를 업그레이드한 건물 입니다. 사령부를 행성요새로 업그레이드할 경우 지상 원거리 공격이 가능하며, 건물 장갑이 증가합니다. 다만, 건물 이륙 기능은 사라집니다. 또한, 공학 연구소의 정밀 보안 자동추적기를 연구하면 행성요새의 사거리를 1 증가시킬 수 있습니다.
| 속성 | 정보 |
|-----|-----|
| 비용 | 미네랄 150, 가스 150|
| 건설 시간 | 50초(아주 빠름 기준 36초)|
| 체력 | 1500 |
| 에너지 | 50(초기) --> 200(최대)|
| 방어력 | 3 --> 5 (신소재 강철 장갑)
| 시야 | 11 |

공격 능력 
| 속성 | 정보 |
|-----|-----|
| 공격력 | 40(방사피해) |
| 사정 거리 | 6 --> 7 (정밀 보안 자동추적기)|
| 공격 속도 | 2(아주 빠름 기준 1.43) |
| 대상 | 지상 목표물 |"
29,0,정제소의 정보,"정제소는 스타크래프트2에 등장하는 테란 건물 입니다. 베스핀 간헐천 위에 건설할 수 있으며, 건설이 완료되면 건설로봇을 사용하여 베스핀 가스를 채취할 수 있습니다.

| 속성 | 정보 |
|-----|-----|
| 비용 | 미네랄 75|
| 건설 시간 | 30초(아주 빠름 기준 21초)|
| 체력 | 500 |
| 방어력 | 1 --> 3 (신소재 강철 장갑) |
| 특성 | 중장갑-기계-구조물 |
| 시야 | 9 |"
30,0,보급고의 정보,"보급고는 스타크래프트2에 등장하는 테란 건물 입니다. 보급품을 공급하여 더 많은 유닛을 훈련할 수 있습니다. 유닛들이 지나갈 수 있도록 보급고를 지하로 내릴 수 있습니다. 궤도사령부의 추가 보급고 투하를 건설이 완료된 보급고에 사용하여 보급품을 추가로 늘릴 수 있습니다.
| 속성 | 정보 |
|-----|-----|
| 비용 | 미네랄 100|
| 보급 | 8 --> 16(추가 보급고)|
| 건설 시간 | 30초(아주 빠름 기준 21초)|
| 체력 | 400 |
| 방어력 | 1 --> 3 (신소재 강철 장갑) |
| 특성 | 중장갑-기계-구조물 |
| 시야 | 9 |"
31,0,병영의 정보,"병영은 스타크래프트2에 등장하는 테란 건물 입니다. 테란의 기본 유닛인 해병을 생산할 수 있습니다. 기술실을 건설하여 고급 유닛의 생산이 가능하며 반응로를 건설하면 반응로에서 사신과 해병을 추가로 생산할 수 있습니다. 기술실과 반응로는 동시에 부착할 수 없습니다.
| 속성 | 정보 |
|-----|-----|
| 비용 | 미네랄 150|
| 생산 유닛 | 해병, 사신, 불곰, 유령 |
| 건설 시간 | 65초(아주 빠름 기준 46초)|
| 체력 | 1000 |
| 방어력 | 1 --> 3 (신소재 강철 장갑) |
| 특성 | 중장갑-기계-구조물 |
| 시야 | 9 |"
32,0,공학 연구소의 정보,"공학 연구소는 스타크래프트2에 등장하는 테란 건물 입니다. 보병 유닛의 공격력과 방어력을 향상시키는 연구와 건물의 방어력을 증가시키고, 추가 기능을 제공하는 업그레이드를 제공합니다.
| 속성 | 정보 |
|-----|-----|
| 비용 | 미네랄 125|
| 건설 시간 | 35초(아주 빠름 기준 25초)|
| 체력 | 850 |
| 방어력 | 1 --> 3 (신소재 강철 장갑) |
| 특성 | 중장갑-기계-구조물 |
| 시야 | 9 |
- 정밀 보안 자동추적기 연구 : 미사일 포탑과 행성요새의 사거리가 1만큼 증가합니다.
- 신소재 강철 장갑 업그레이드 : 건물의 방어력을 2 증가시킵니다. 벙커의 공간을 2 증가시킵니다. 사령부와 행성요새에 추가 탑승 공간을 5 증가시킵니다.
- 보병 무기 업그레이드 1,2,3 단계 : 보병 유닛의 공격력을 업그레이드 합니다.
- 보병 장갑 업그레이드 1,2,3 단계 : 보병 유닛의 방어력을 업그레이드 합니다."
33,0,미사일 포탑의 정보,"미사일 포탑은 스타크래프트2에 등장하는 테란 방어 건물 입니다. 미사일 포탑은 주의의 공중 유닛을 자동으로 감지하고 공격합니다. 기본적으로 탐지기 기능이 있으므로, 은폐 유닛과 잠복 유닛, 환상 유닛을 탐지할 수 있습니다.

| 속성 | 정보 |
|-----|-----|
| 비용 | 미네랄 100|
| 건설 시간 | 25초(아주 빠름 기준 18초)|
| 체력 | 250 |
| 방어력 | 0 --> 2 (신소재 강철 장갑) |
| 특성 | 중장갑-기계-구조물 |
| 시야 | 11 |

공격 능력 
| 속성 | 정보 |
|-----|-----|
| 공격력 | 12 x 2 |
| 사정 거리 | 7 --> 8 (정밀 보안 자동추적기)|
| 공격 속도 | 0.8608(아주 빠름 기준 0.61) |
| 대상 | 공중 목표물 |"
34,0,벙커의 정보,"벙커는 스타크래프트2에 등장하는 테란 방어 건물 입니다. 보병 유닛을 벙커에 탑승시켜 안전하게 지역을 방어할 수 있습니다. 전투 자극제 기술이 있는 유닛은 벙커 안에서 전투 자극제를 사용할 수 있습니다. 또한 회수 기능을 사용하여 벙커에 소모된 자원의 75%를 회수하며 벙커를 파괴할 수 있습니다.

| 속성 | 정보 |
|-----|-----|
| 비용 | 미네랄 100|
| 건설 시간 | 40초(아주 빠름 기준 29초)|
| 체력 | 400 |
| 방어력 | 1 --> 3 (신소재 강철 장갑) |
| 탑승 정원 | 4 --> 6 (신소재 강철 장갑) |
| 특성 | 중장갑-기계-구조물 |
| 시야 | 10 |"
35,0,감지탑의 정보,"감지탑은 스타크래프트2에 등장하는 테란 건물 입니다. 멀리 떨어져있는 적 유닛들의 위치를 감지하며, 적을 포함한 모든 플레이어가 감지탑의 범위를 확인할 수 있습니다. 적의 움직임을 포착하지만, 지역을 밝히지는 못합니다. 은폐, 잠복 유닛은 감지탑이 감지하지 못합니다.

| 속성 | 정보 |
|-----|-----|
| 비용 | 미네랄 125, 가스 100|
| 건설 시간 | 25초(아주 빠름 기준 18초)|
| 체력 | 200 |
| 방어력 | 0 --> 2 (신소재 강철 장갑) |
| 특성 | 중장갑-기계-구조물 |
| 시야 | 12 |

- 레이더 : 레이더 감지 범위 안에 있는 적의 움직임을 포착합니다. 주변 지역은 보이지 않습니다."
36,0,유령 사관학교의 정보,"유령 사관학교는 스타크래프트2에 등장하는 테란 건물 입니다. 유령 사관학교를 건설하면 병영에서 유령을 훈련할 수 있으며, 유령의 능력을 해금하는 연구를 수행할 수 있습니다. 전술 핵미사일을 배치하여, 유령이 전술 핵 미사일을 유도할 수 있습니다. 전술 핵미사일은 유령 사관학교마다 한개씩 보유할 수 있으므로, 유령 사관학교를 여러개 건설하면 다수의 핵미사일을 배치할 수 있습니다.

| 속성 | 정보 |
|-----|-----|
| 비용 | 미네랄 150, 가스 50|
| 건설 시간 | 40초(아주 빠름 기준 29초)|
| 체력 | 1250 |
| 방어력 | 1 --> 3 (신소재 강철 장갑) |
| 특성 | 중장갑-기계-구조물 |
| 시야 | 9 |

- 개인 은폐 연구 : 유령이 은폐 능력을 사용할 수 있습니다.
- 핵미사일 배치 : 격납고에 전술 핵미사일을 배치합니다."
37,0,군수 공장의 정보,"군수 공장은 테란의 지상 기계 유닛을 생산하는 시설 입니다. 기술실과 반응로를 부착할 수 있습니다. 기술실을 부착할 경우 사이클론, 공성 전차, 토르(무기고 필요)를 생산할 수 있습니다. 반응로를 부착할 경우 화염차, 화염기갑병(무기고 필요), 땅거미 지뢰를 반응로에서 생산할 수 있습니다.

| 속성 | 정보 |
|-----|-----|
| 비용 | 미네랄 150, 가스 100|
| 생산 유닛 | 화염차, 땅거미 지뢰, 사이클론, 공성 전차, 화염기갑병, 토르 |
| 건설 시간 | 60초(아주 빠름 기준 43초)|
| 체력 | 1250 |
| 방어력 | 1 --> 3 (신소재 강철 장갑) |
| 특성 | 중장갑-기계-구조물 |
| 시야 | 9 |"
38,0,우주 공항의 정보,"우주공항은 스타크래프트2에 등장하는 테런의 건물 입니다. 우주공항에서 테란의 공중 유닛(우주선)을 생산할 수 있습니다. 기술실과 반응로를 부착할 수 있으며, 기술실을 부착할 경우 밴시, 밤까마귀, 전투순양함(융합로 필요)을 생산할 수 있습니다. 반응로를 건설할 경우 바이킹, 해방선, 반응로에서 생산할 수 있습니다.

| 속성 | 정보 |
|-----|-----|
| 비용 | 미네랄 150, 가스 100|
| 생산 유닛 | 바이킹, 의료선, 해방선, 밤까마귀, 밴시, 전투순양함|
| 건설 시간 | 50초(아주 빠름 기준 36초)|
| 체력 | 1300 |
| 방어력 | 1 --> 3 (신소재 강철 장갑) |
| 특성 | 중장갑-기계-구조물 |
| 시야 | 9 |"
39,0,무기고의 정보,"스타크래프트2에 등장하는 무기고는 테란의 연구 건물 입니다. 무기고에서 테란의 지상 기계 유닛과 공중 기계 유닛의 공격력과 방어력을 업그레이드하는 연구를 할 수 있습니다.

| 속성 | 정보 |
|-----|-----|
| 비용 | 미네랄 150, 가스 100|
| 건설 시간 | 65초(아주 빠름 기준 46초)|
| 체력 | 750 |
| 방어력 | 1 --> 3 (신소재 강철 장갑) |
| 특성 | 중장갑-기계-구조물 |
| 시야 | 9 |

- 차량 무기 업그레이드 1,2,3 단계 : 군수공장에서 생산하는 유닛의 공격력을 업그레이드 합니다.
- 우주선 무기 업그레이드 1,2,3 단계 : 우주공항에서 생산하는 유닛의 공격력을 업그레이드 합니다.
- 차량 및 우주선 장갑 업그레이드 1,2,3 단계 : 군수공장과 우주공항에서 생산하는 유닛의 방어력을 업그레이드 합니다."
40,0,융합로의 정보,"융합로는 스타크래프트2에 등장하는 테란건물 입니다. 융합로를 건설하면 의료선 해방선 전투순양함을 업그레이드 할 수 있습니다. 또한 우주 공항에서 전투순양함 생산이 가능해집니다.

| 속성 | 정보 |
|-----|-----|
| 비용 | 미네랄 150, 가스 150|
| 건설 시간 | 65초(아주 빠름 기준 46초)|
| 체력 | 750 |
| 방어력 | 1 --> 3 (신소재 강철 장갑) |
| 특성 | 중장갑-기계-구조물 |
| 시야 | 9 |

- 무기 재장비 연구 : 전투순양함이 야마토 포를 사용할 수 있습니다.
- 카두세우스 반응로 연구 : 의료선의 에너지 재생속도가 두배로 증가합니다.
- 첨단 탄도 시스템 연구 : 해방선의 수호기 모드 사거리가 3만큼 증가합니다."
41,0,테란의 부속 건물 정보,"스타크래프트2 테란의 부속 건물은 기술실과 반응로가 있습니다. 기술실과 반응로는 병영, 군수공장, 우주공항에 부착할 수 있습니다. 기술실을 부착할 경우 고급 유닛의 생산 및 업그레이드가 가능하며, 반응로를 부착하면 각 생산건물에서 기본적으로 생산 가능한 유닛을 추가로 생산할 수 있습니다.

기술실
| 속성 | 정보 |
|-----|-----|
| 비용 | 미네랄 50, 가스 25|
| 건설 시간 | 25초(아주 빠름 기준 18초)|
| 체력 | 400 |
| 방어력 | 1 --> 3 (신소재 강철 장갑) |
| 특성 | 중장갑-기계-구조물 |
| 시야 | 9 |

반응로 
| 속성 | 정보 |
|-----|-----|
| 비용 | 미네랄 50, 가스 25|
| 건설 시간 | 50초(아주 빠름 기준 36초)|
| 체력 | 400 |
| 방어력 | 1 --> 3 (신소재 강철 장갑) |
| 특성 | 중장갑-기계-구조물 |
| 시야 | 9 |"
41,1,기술실에 대한 정보,"기술실을 부착할 경우 가능한 기능들을 자세히 알려드리겠습니다.

병영 기술실 
- 전투 방패 연구 : 해병의 체력이 10만큼 증가합니다.
- 전투 자극제 연구 : 해병과 불곰이 전투 자극제를 사용할 수 있습니다. 전투 자극제를 사용한 유닛은 체력 피해를 빋지만, 짧은 시간 동안 공격 및 이동 속도가 증가합니다.
- 충격탄 연구 : 대상의 움직임이 느려지도록 불곰의 무기를 업그레이드 합니다. 거대 유닛은 면역입니다.
- 불곰 생산 : 병영에서 불곰의 생산이 가능해집니다.
- 유령 생산 : 병영에서 유령의 생산이 가능해집니다. (유령 사관학교 필요)

군수 공장 기술실 
- 지옥불 조기점화기 연구 : 화염차가 경장갑 유닛에게 5의 추가 피해를 입힙니다. 화염기갑병이 경장갑 유닛에게 12의 추가 피해를 입힙니다.
- 허리케인 추진기 연구 : 사이클론의 이도속도를 20% 향상시킵니다.
- 천공 발톱 연구 : 땅거미 지뢰의 잠복 및 활성화 시간이 3배 더 빨라집니다.
- 지능형 제어 장치 연구 : 화염차, 화염기갑병, 바이킹, 토르가 전투 모드를 빠르게 전환합니다.
- 공성전차 생산 : 군수공장에서 밴시 생산이 가능해집니다.
- 토르 생산 : 군수공장에서 토르 생산이 가능해집니다. (무기고 필요)
- 사이클론 생산 : 군수공장에서 사이클론 생산이 가능해집니다.

우주공항 기술실 
- 은폐장 연구 : 밴시가 은폐 능력을 사용할 수 있습니다.
- 초비행 회전날개 연구 : 밴시의 이동 속도가 증가합니다.
- 방해 매트릭스 연구 : 밤까마귀가 방해 매트릭스를 사용할 수 있습니다.
- 밴시 생산 : 우주공항에서 밴시 생산이 가능해집니다.
- 밤까마귀 생산 : 우주공항에서 밤까마귀 생산이 가능해집니다.
- 전투순양함 생산 : 우주공항에서 전투순양함 생산이 가능해집니다.(융합로 필요)"
41,2,반응로에 대한 벙보,"반응로를 부착하면 유닛을 동시에 두기씩 생산할 수 있습니다.

병영 반응로 
- 해병, 사신 생산 가능

군수공장 반응로 
- 화염차, 화염기갑병, 땅거미지뢰 생산 가능

우주공항 반응로 
- 바이킹, 의료선, 해방선 생산 가능"
42,0,전투 자극제의 정보,"전투자극제는 스타크래프트2에 등장하는 해병과 불곰이 사용할 수 있는 능력 입니다. 병영의 부착된 기술실에서 전투 자극제 사용 연구가 완료되면 해병과 불곰은 전투 자극제 사용 능력을 사용할 수 있습니다. 몇 초 동안 이동 및 공격속도를 크게 향상시키지만, 해병의 체력에 10, 불곰의 체력에 20의 피해를 입힙니다."
43,0,전투 방패의 정보,전투 방패는 스타크래프트2에 등장하는 해병의 추가 연구 입니다. 병영의 부착된 기술실에서 전투 방패 연구가 완료되면 해병의 체력이 10 증가합니다.
44,0,KD8 지뢰의 정보,KD8 지뢰는 사신이 사용하는 기본 능력 입니다. 지뢰를 선택한 영역에 투척합니다. 투척된 지뢰는 일정 시간 후 폭발하여 주위 유닛에게 5의 피해를 주고 밀쳐냅니다.
45,0,추진기의 정보,추진기는 사신이 사용하는 기본 능력 입니다. 추진기를 사용하면 사신이 언덕을 오르내릴 수 있습니다.
46,0,전투 회복제의 정보,전투 회복제는 사신이 사용하는 기본 능력 입니다. 사신이 비전투 상태에 돌입하면 체력을 빠르게 회복합니다.
47,0,충격탄의 정보,충격탄은 스타크래프트2에 등장하는 테란 유닛인 불곰에게 적용할 수 있는 추가 연구 입니다. 병영의 부착된 기술실에서 충격탄 연구가 완료되면 불곰의 공격에 명중한 대상의 움직임이 일시적으로 느려집니다. 거대 유닛은 충격탄 효과에 면역입니다.
48,0,부동 조준의 정보,부동 조준은 스타크래프트2의 유령이 기본적으로 사용할 수 있는 능력 입니다. 단일 생체 유닛에게 사용할 수 있습니다. 유령이 대상을 조준하며 2초(아주 빠름 기준 1.43초)동안 피해를 받지 않으면 대상을 저격합니다. 적중한 대상은 130(사이오닉 170)의 피해를 입습니다. 방어력을 무시합니다.
49,0,EMP 탄환의 정보,"EMP탄환은 스타크래프트2에 등장하는 유령의 기본 능력 입니다. EMP 탄환을 선택한 영역에 사용하면 해당 영역에 전자기 파동을 생성하며, 그 안의 모든 유닛의 에너지와 보호막에 100의 피해를 입힙니다. 은폐 유닛이 EMP에 노출되면 짧은 시간동안 모습이 드러납니다."
50,0,테란 은폐 능력의 정보,스타크래프트2 테란의 밴시와 유령은 은폐 능력을 사용할 수 있습니다. 유령의 은폐는 유령 사관학교에서 연구할 수 있습니다. 밴시의 은폐는 우주공항의 부착된 기술실에서 연구할 수 있습니다.
51,0,테란이 사용 가능한 은폐,"스타크래프트2의 테란 종족에서, 은폐 기술을 사용할 수 있는 유닛은 두개 입니다.
- 유령 : 유령 사관학교에서 은폐 연구가 완료되면 유령이 은폐를 사용하여, 자기 자신을 은폐 상태로 만듭니다.
- 밴시 : 우주공항의 기술실에서 은폐 연구가 완료되면, 밴시가 은폐를 사용하여 자기 자신을 은폐 상태로 만듭니다."
52,0,전술 핵 공격의 정보,전술 핵 공격은 스타크래프트2의 유령이 사용하는 기본 능력입니다. 전술 핵 공격을 수행하려면 유령 사관학교에 핵미사일 배치가 완료되어야 합니다. 핵미사일 배치는 유령 사관학교의 핵미사일 배치 능력을 사용하여 핵미사일을 생산합니다.
53,0,자동 포탑 건설 능력의 정보,자동 포탑 건설은 스타크래프트2의 테란 공중 유닛 밤까마귀가 사용하는 기본 능력 입니다. 자동 포탑을 선택한 영역에 배치하여 지역을 방어할 수 있습니다. 자동 포탑은 지상 및 공중 목표물을 공격할 수 있으며 11초(아주 빠름 기준 8초)동안 유지됩니다.
54,0,방해 매트릭스 능력의 정보,"방해 매트릭스는 스타크래프트2의 테란 공중 유닛 밤까마귀가 사용하는 능력 입니다. 우주 공항의 부착된 기술실에서 연구하여 사용할 수 있습니다. 방해 매트릭스는 기계유닛 및 사이오닉 유닛을 대상으로 사용할 수 있습니다. 방해 매트릭스의 대상으로 지정된 유닛은, 비활성화되어 15초(아주 빠름 기준 11초)동안 공격하거나 능력을 사용하지 못합니다. 은폐한 유닛을 드러냅니다."
55,0,대장갑 미사일 능력의 정보,대장갑 미사일은 스타크래프트2의 테란 공중 유닛 밤까마귀가 사용할 수 있는 기본 능력 입니다. 미사일은 대상 유닛을 추적하여 적중시 30초(아주 빠름 기준 21초)동안 방어력과 보호막 방어력이 2만큼 감소시킵니다.
56,0,재연소 장치 점화의 정보,스타크래프트2에 등장하는 테란 공중 유닛인 의료선은 재연소 장치 점화 라는 기본 능력을 가지고 있습니다. 재연소 장치 점화를 사용하면 8초(아주 빠름 기준 6초)동안 의료선의 이동속도가 크게 증가합니다.
57,0,카두세우스 반응로 연구의 정보,"스타크래프트2에 등장하는 테란 공중유닛 의료선에 적용할 수 있는 카두세우스 반응로 연구는, 의료선의 에너지 회복 속도를 2배 증가시킵니다. 이 연구로 치료에 에너지를 사용한 의료선의 에너지를 빠르게 회복시켜 보병들의 생존력을 크게 향상시킬 수 있습니다."
58,0,야마토포의 정보,"야마토 포는 스타크래프트2의 테란 공중유닛 전투순양함이 사용할 수 있는 추가 연구 입니다. 반응로에서 연구할 수 있으며, 연구가 완료되면 전투순양함의 야마토포 능력이 해금됩니다. 야마토 포를 사용하면 전투 순양함이 잠시동안 캐스팅 상태에 돌입하며, 캐스팅이 완료되면 대상 유닛에게 240의 피해를 입히는 야마토 포를 발사합니다."
59,0,전술 차원 도약 능력의 정보,전술 차원 도약은 스타크래프트2에 등장하는 테란 공중유닛인 전투순양함이 사용할 수 있는 기본 능력 입니다. 6초(아주 빠름 기준 4초) 후에 대상 위치로 순간이동 합니다. 순간이동 중인 전투순양함은 무적 상태가 됩니다. 이 능력을 사용하여 전투 순양함을 보다 더 전략적으로 사용할 수 있습니다.
60,0,스타크래프트2 프로토스의 지상 유닛 목록,"스타크래프트2에 등장하는 프로토스 지상유닛 정보를 알려드리겠습니다.
- 탐사정(Probe) : 기본 일꾼 유닛 입니다. 자원을 채취하고, 건물을 소환할 수 있습니다.
- 광전사(Zealot) : 기본 지상 유닛으로 강력한 근접 전사 입니다. 지상 목표물만 공격 가능합니다.
- 불멸자(Immortal) : 돌격형 4족 보행 유닛으로, 방어막을 사용해 피해를 흡수할 수 있습니다. 지상 목표물만 공격할 수 있습니다.
- 추적자(Stalker) : 원거리 공격 능력을 갖춘 4족 보행 유닛입니다. 점멸을 사용하여 짧은 거리를 순간이동 하며, 지상 및 공중 목표물을 공격할 수 있습니다.
- 거신(Colossus) : 강력한 범위 공격 능력을 갖춘 4족 보행 전투 기계 입니다. 언덕을 오르내릴 수 있으며, 대공 공격을 받을 수 있습니다. 지상 목표물만 공격 가능합니다.
- 집정관(Archon) : 고위기사 두기, 암흑기사 두기, 고위기사 + 암흑기사를 합체하여 집정관을 소환할 수 있습니다. 강력한 사이오닉 에너지로 대상을 공격하며 지상 및 공중 목표물을 공격할 수 있습니다.
- 고위 기사(High templar) : 강력한 사이오닉 능력을 사용하는 지상 유닛 입니다. 환류와 사이오닉 폭풍을 사용할 수 있으며, 집정관으로 변신 가능합니다.
- 암흑 기사(Dark templar) : 무시무시한 암살 전사 입니다. 영구 은폐 능력이 있으며, 탐지 능력이 없는 적에게는 보이지 않습니다. 집정관으로 변신할 수 있습니다. 지상 목표물 공격이 가능합니다.
- 파수기(Sentry) : 에너지 조작 유닛입니다. 역장, 수호 방패, 환상을 사용하여 지상군을 보호할 수 있습니다.
- 사도(Adept) : 원거리를 공격할 수 있는 지상 유닛 입니다. 사이오닉 이동을 사용할 수 있으며, 지상 목표물만 공격할 수 있습니다.
- 분열기(Disruptor) : 정화 폭발을 사용하여 적에게 큰 범위 피해를 입히며 분해시키는 로봇 유닛입니다. 지상 목표물만 공격할 수 있습니다."
61,0,스타크래프트 프로토스의 공중 유닛 목록,"스타크래프트2에 등장하는 프로토스 지상유닛 정보를 알려드리겠습니다.
- 차원 분광기(Warp Prism) : 비행 수송기 입니다. 지상 유닛을 들일 수 있으며 수정탑과 같이 동력장을 생성하도록 배치할 수 있습니다.
- 불사조(Phoenix) : 제공권을 장학하기 좋은 전투기 입니다. 공중 유닛만 공격할 수 있습니다. 중력자 광선을 사용하여 대상 유닛을 공중에 띄어 공격할 수 있습니다.
- 공허 포격기(Void Ray) : 단일 목표물을 분광 광선으로 정밀 타격하는 타격기 입니다. 지상 및 공중 목표물을 공격할 수 있습니다.
- 모선(Mothership) : 궁극의 프로토스 함선입니다. 대규모 소환과 시간 왜곡 능력을 사용할 수 있습니다. 주위 아군 유닛과 구조물을 은폐시킵니다. 지상 및 공중 유닛을 공격할 수 있으며 1기만 생산 가능합니다.
- 우주모함(Carrier) : 프로토스의 주력함으로 요격기를 생산하고 출격시켜 적을 공격합니다. 지상 및 공중 목표물을 공격할 수 있습니다.
- 요격기(Interceotor) : 우주모함의 공격 대상을 자동으로 타격하는 무인 전투기 입니다. 생산된 요격기가 없는 우주모함은 공격할 수 없습니다.
- 관측선(Observer) : 정찰용 비행 유닛입니다. 은폐 능력이 있으며, 탐지 능력이 없는 적에게는 보이지 않습니다.
- 예언자(Oracle) : 특수 능력을 사용하는 비행 유닛입니다. 계시, 정지장 수호물, 펄서 광선을 사용하여 적을 공격할 수 있습니다.
- 폭풍함(Tempest) : 공성 포함입니다. 장거리에서 공격이 가능하며, 지상 및 공중 목표물을 공격할 수 있습니다."
62,0,스타크래프트2 프로토스 연결체의 정보,"연결체는 스타크래프트2에 등장하는 프로토스 주 건물 입니다. 채취한 자원을 수집합니다. 시간 증폭 및 대규모 귀환 능력을 사용할 수 있습니다.

| 속성 | 정보 |
|-----|-----|
| 비용 | 미네랄 400|
| 소환 시간 | 100초(아주 빠름 기준 71초)|
| 체력 | 1000 |
| 보호막 | 1000 |
| 방어력 | 1|
| 보호막 방어력 | 0(+1) |
| 특성 | 중장갑-구조물 |
| 시야 | 9 |

기능
- 탐사정 소환 : 기본 일꾼 유닛 탐사정을 소환합니다.
- 모선 소환 : 궁극의 프로토스 함선, 모선을 소환합니다.

특수 능력 
- 시간 증폭 : 대상 구조물에 시간 증폭을 사용합니다. 해당 건물의 생산 및 연구 속도가 28초 (아주 빠름 기준 20초) 동안 50%만큼 증가합니다.
- 전략 소환 : 대상 지역에 위치한 자신의 모든 유닛을 연결체로 귀환시킵니다.
- 충전소 과충전 : 연결체 근처에 있는 보호막 충전소 하나를 과충전시켜 보호막 회복률을 50% 증가시키고 20초 (아주 빠름 기준 14초) 동안 에너지를 소모하지 않고 보호막을 충전시키게 만듭니다."
63,0,스타2 프로토스의 일꾼 정보,"스타크래프트2의 프로토스 일꾼은 탐사정(Probe)입니다.
탐사정은 자원을 채취할 수 있으며, 자원을 소모하여 건물을 소환할 수 있습니다."
63,1,탐사정의 공격 능력,"스타크래프트2의 프로브는 입자 광선(Particle Beam)을 사용하여 지상 목표물을 공격할 수 있습니다. 자세한 정보는 아래와 같습니다.
- 공격력 : 5
- 사거리 : 근접(0.1)
- 공격 속도 : 1.5(아주 빠름1.07)
- 대상 : 지상 목표물"
63,2,탐사정의 방어 능력,"탐사정은 낮은 체력과 방어력을 보유하고 있습니다. 자원을 채취하는 중요한 유닛으로 충분한 방어진지 구축이 필요합니다. 탐사정의 방어 능력은 아래와 같습니다.
- 생명력 : 20
- 보호막 : 20
- 방어력 : 0(+1)
- 보호막 방어력 : 0(+1)
- 특성 : 경장갑-기계"
63,3,탐사정에 적용 가능한 업그레이드,"탐사정에 적용 가능한 업그레이드는 두가지 입니다.
- 지상 장갑 업그레이드 1,2,3 단계 : 탐사정의 방어력을 증가시킵니다.
- 보호막 업그레이드 1,2,3 단계 : 탐사정의 보호막 방어력을 증가시킵니다."
63,4,탐사정이 보유한 기본 능력,"탐사정의 기본 능력은 5가지 입니다.
- 채취 : 선택한 광물 지대나 베스핀 간헐천에서 자원을 채취합니다.
- 자원 반환 : 운반한 자원을 가장 가까운 자원 수집 구조물로 옮깁니다.
- 건물 건설 : 기본 건물을 소환합니다.
- 고급 건물 건설 : 고급 건물을 소환합니다..
- 스프레이 : 현재 장착한 스프레이를 대상 위치의 지형에 그립니다."
64,0,스타2 프로토스 기본유닛 광전사 정보,"스타크래프트2 프로토스의 기본 공격 유닛은 광전사(Zealot)로 볼 수 있습니다. 광전사는 관문에서 기본적으로 생산 가능한 강력한 근접 전사 지상 유닛으로, 초반부터 높은 체력, 보호막, 방어력을 가지고 있습니다. 돌진 업그레이드를 연구하여 대상에게 빠르게 접근할 수 있습니다."
64,1,광전사의 공격 능력 ,"광전사는 사이오닉 검(Psi Blades)를 사용하여 지상 목표물을 공격할 수 있습니다. 자세한 정보는 아래와 같습니다.
- 공격력 : 8(+1) x 2
- 사거리 : 근접(0.1)
- 공격 속도 : 1.2(아주 빠름 기준 0.86)
- 대상 : 지상 목표물"
64,2,광전사의 방어 능력 ,"광전사는 초반부터 높은 체력, 보호막, 방어력을 보유하고 있습니다. 자세한 정보는 아래와 같습니다.
- 생명력 : 100
- 보호막 : 50
- 방어력 : 1(+1)
- 보호막 방어력 : 0(+1)
- 특성 : 경장갑-생체"
64,3,광전사에 적용 가능한 업그레이드,광전사에게 적용 가능한 업그레이드는 돌진이 있습니다. 돌진 연구가 완료되면 주위 적에게 빠르게 접근할 수 있습니다.
64,4,광전사의 기본 능력,광전사가 보유한 별도의 기본 능력은 존재하지 않습니다.
65,0,스타2 광전사의 기본 정보,"광전사(Zealot)는 관문에서 기본적으로 생산 가능한 강력한 근접 전사 지상 유닛으로, 초반부터 높은 체력, 보호막, 방어력을 가지고 있습니다. 돌진 업그레이드를 연구하여 대상에게 빠르게 접근할 수 있습니다."
65,1,광전사의 공격 능력 ,"광전사는 사이오닉 검(Psi Blades)를 사용하여 지상 목표물을 공격할 수 있습니다. 자세한 정보는 아래와 같습니다.
- 공격력 : 8(+1) x 2
- 사거리 : 근접(0.1)
- 공격 속도 : 1.2(아주 빠름 기준 0.86)
- 대상 : 지상 목표물"
65,2,광전사의 방어 능력 ,"광전사는 초반부터 높은 체력, 보호막, 방어력을 보유하고 있습니다. 자세한 정보는 아래와 같습니다.
- 생명력 : 100
- 보호막 : 50
- 방어력 : 1(+1)
- 보호막 방어력 : 0(+1)
- 특성 : 경장갑-생체"
65,3,광전사에 적용할 수 있는 업그레이드,"광전사에게 적용 가능한 업그레이드는 3=4가지가 있습니다.
- 돌진 : 돌진 연구가 완료되면 주위 적에게 빠르게 접근할 수 있습니다.
- 지상 무기 업그레이드 1,2,3 단계 : 광전사의 공격력을 업그레이드 합니다.
- 지상 장갑 업그레이드 1,2,3 단계 : 광전사의 방어력을 업그레이드 합니다.
- 보호막 업그레이드 1,2,3 단계 : 광전사의 보호막 방어력을 업그레이드 합니다."
65,4,광전사의 기본 능력,광전사가 보유한 별도의 기본 능력은 존재하지 않습니다.
66,0,스타2 프로토스 불멸자 정보,"불멸자(Immortal)는 스타크래프트2에 등장하는 프로토스 지상 기계 유닛입니다. 돌격형 4족 보행 유닛으로, 방어막을 사용해 피해를 흡수할 수 있습니다."
66,1,불멸자의 공격 능력,"불멸자는 위상 분열기(Phase Disruptors)를 사용하여 지상 목표물을 공격합니다.
- 공격력 : 20(+2) / 중장갑 상대 : 50(+5)
- 사거리 : 6
- 공격 속도 : 1.45(아주 빠름 기준 1.04)
- 대상 : 지상 목표물"
66,2,불멸자의 방어 능력,"불멸자는 높은 체력과 방어력을 가지고 있으며, 방어막 능력을 사용해 피해를 최소화 할 수 있습니다.
- 생명력 : 200
- 보호막 : 100
- 방어력 : 1(+1)
- 보호막 방어력 : 0(+1)
- 특성 : 중장갑-기계"
66,3,불멸자의 기본 능력,불멸자의 기본 능력은 방어막 입니다. 방어막을 사용하여 최대 100의 피해를 흡수할 수 있습니다.
66,4,불멸자에 적용 가능한 업그레이드,"불멸자에 적용 가능한 업그레이드는 3가지가 있습니다.
- 지상 무기 업그레이드 1,2,3 단계 : 불멸자의 공격력을 업그레이드 합니다.
- 지상 장갑 업그레이드 1,2,3 단계 : 불멸자의 방어력을 업그레이드 합니다.
- 보호막 업그레이드 1,2,3 단계 : 불멸자의 보호막 방어력을 업그레이드 합니다."
67,0,스타2 프로토스의 추적자 기본 정보,스타크래프트2의 추적자(Stalker)는 프로토스의 지상 유닛 입니다. 원거리 공격 능력을 갖춘 4족 보행 유닛으로 점멸을 사용해 짧은 거리를 순간이동 할 수 있습니다.
67,1,추적자의 공격 능력,"추적자는 원거리 공격 능력을 갖춘 지상 유닛으로 점멸을 사용하여 전략적으로 사용할 수 있습니다. 입자 분열기(Particle Disruptors)를 사용하여 적을 공격하며, 상세 정보는 아래와 같습니다.
- 공격력 : 13(+1) / 중장갑 상대 : 18(+2)
- 사거리 : 6
- 공격 속도 : 1.87(아주 빠름 기준 1.34)
- 대상 : 지상 및 공중 목표물"
67,2,추적자의 방어 능력,"추적자는 점멸을 사용해 위급한 상황에서 빠르게 벗어날 수 있습니다. 그러나 재사용 대기시간이 있어서 빠르게 접근하는 적에게 취약하므로 주위 유닛의 호위가 필요합니다.
- 생명력 : 80
- 보호막 : 80
- 방어력 : 0(+1)
- 보호막 방어력 : 0(+1)
- 특성 : 중장갑-기계"
67,3,추적자의 기본 능력,추적자가 보유한 기본 능력은 존재하지 않습니다.
67,4,추적자에 적용 가능한 업그레이드,"추적자에게 적용 가능한 업그레이드는 4가지가 있습니다.
- 점멸 : 추적자가 주위의 대상 위치로 순간이동 합니다.
- 지상 무기 업그레이드 1,2,3 단계 : 추적자의 공격력을 업그레이드 합니다.
- 지상 장갑 업그레이드 1,2,3 단계 : 추적자의 방어력을 업그레이드 합니다.
- 보호막 업그레이드 1,2,3 단계 : 추적자의 보호막 방어력을 업그레이드 합니다."
68,0,스타2 차원 분광기의 기본 정보,"차원 분광기(Warp prism)는 스타크래프트2에 등장하는 비행 수송기 입니다. 근처의 떨어져 있는 유닛들을 수송할 수 있으며, 동력장을 생성하도록 배치할 수 있습니다. 동력장 생성시, 이동 및 수송이 불가능 합니다."
68,1,차원 분광기위 공격 능력,차원 분광기가 보유한 공격 능력은 존재하지 않습니다. 대신 위상 모드로 전환하여 주위에 동력장을 공급하고 동력장 위에 아군 프로토스 유닛을 차원관문을 통해 소환할 수 있습니다.
68,2,차원 분광기의 방어 능력,"차원 분광기는 별도의 공격 능력이 없고, 동력장 제공 및 수송을 담당하므로 근처 유닛의 호위가 필요합니다.
- 생명력 : 80
- 보호막 : 100
- 방어력 : 0(+1)
- 보호막 방어력 : 0(+1)
- 특성 : 중장갑-기계-사이오닉"
68,3,차원 분광기의 기본 능력,"차원 분광기가 보유한 기본 능력은 다음과 같습니다.
- 위상 모드 : 차원 분광기를 위상 모드로 전환해 수정탑처럼 동력을 생성하게 합니다. 위상 모두에서는 수송 및 이동이 불가능합니다.
- 수송 모드 : 차원 분광기를 수송 모드로 되돌려, 이동할 수 있게 합니다.
- 들이기 : 최대 5만큼 떨어져 있는 유닛을 차원 분광기 안으로 들일 수 있습니다.
- 모두 내보내기 : 모든 유닛을 내보냅니다.
- 차원로 : 유닛을 동력장으로 소환하는데 걸리는 시간을 5초(아주 빠름 기준 3.57초)로 단축시킵니다."
68,4,차원 분광기에 적용 가능한 업그레이드,"차원 분광기는 두가지 업그레이드가 존재합니다.
- 공중 장갑 업그레이드 1,2,3 단계 : 차원 분광기의 방어력을 업그레이드 합니다.
- 보호막 업그레이드 1,2,3 단계 : 차원 분광기의 보호막 방어력을 업그레이드 합니다."
69,0,불사조의 기본 능력,"불사조(Phoenix)는 스타크래프트2에 등장하는 제공 전투기 입니다. 공중 목표물을 공격할 수 있으며, 중력자 광선으로 적 지상 유닛을 공중에 띄워 무력화시킬 수 있습니다. 거대 유닛은 면역이며, 공중에 띄어진 유닛은 공중유닛 판정이 됩니다."
69,1,불사조의 공격 능력,"불사조는 이온포(Psi Blast)를 사용하여 공중 목표물을 공격합니다. 또한 중력자 광선으로 적 유닛을 들어올려 다른 불사조가 공격할 수 있게합니다.
- 공격력 : 5(+1) x 2 / 경장갑 상대 : 10(+2) x 2
- 사거리 : 5 --> 7(음이온파 수정)
- 공격 속도 : 1.1(아주 빠름 기준 0.79)
- 대상 : 공중 목표물"
69,2,불사조의 방어 능력,"불사조는 빠른 기동성을 가진 공중 유닛 입니다. 
- 생명력 : 120
- 보호막 : 60
- 방어력 : 0(+1)
- 보호막 방어력 : 0(+1)
- 특성 : 경장갑-기계"
69,3,불사조의 기본 능력,"불사조의 기본 능력은 중력자 광선이 있습니다.
- 중력자 광선 : 대상 유닛을 공중에 띄워 무력화 합니다. 거대 유닛은 면역이며, 중력자 광선을 사용중인 불사조는 움직일 수 없습니다. 공중에 띄워진 유닛을 다른 불사조가 공격할 수 있습니다."
69,4,불사조에 적용 가능한 업그레이드,"불사조는 4가지 적용 가능한 업그레이드가 있습니다.
- 음이온파 수정 : 불사조의 사거리가 2만큼 증가합니다.
- 공중 무기 업그레이드 1,2,3 단계 : 불사조의 공격력을 업그레이드 합니다.
- 공중 장갑 업그레이드 1,2,3 단계 : 불사조의 방어력을 업그레이드 합니다.
- 보호막 업그레이드 1,2,3 단계 : 불사조의 보호막 방어력을 업그레이드 합니다."
70,0,스타2 프로토스 거신의 기본 정보,"스타크래프트2에 등장하는 거신(Colosus)는 프로토스의 4족 보행 전투 기계 입니다. 언덕을 오르내릴 수 있으며 대공 공격을 받을 수 있습니다. 범위 공격을 하는 유닛으로, 다수의 적을 상대할 때 효과적입니다."
70,1,거신의 공격 능력,"거신은 열 광선(Thermal Lance)을 사용하여 범위 공격을 할 수 있습니다. 열광선 사거리 업그레이드를 통해 거신의 공격 사거리를 증가시킬 수 있습니다.
- 공격력 : 10(+1) x 2 / 경장갑 상대 : 15(+2) x 2
- 사거리 : 7 --> 9(열 광선 사거리)
- 공격 속도 : 1.5(아주 빠름 기준 1.07)
- 대상 : 지상 목표물"
70,2,거신의 방어 능력,"거신은 경장갑 유닛을 상대할때 큰 성능을 발휘합니다. 또한 언덕을 오르내릴 수 있으므로, 근접 유닛을 회피하며 전투를 수행할 수 있습니다. 또한 작은 유닛의 충돌을 무시합니다. 하지만 느린 이동속도로 인해 빠르게 달라붙는 적에게 취약하며, 거대한 크기로 공중유닛의 공격을 받을 수 있으므로 항상 주위에 호위 유닛이 같이 있어야 합니다.
- 생명력 : 200
- 보호막 : 150
- 방어력 : 1(+1)
- 보호막 방어력 : 0(+1)
- 특성 : 중장갑-기계-거대"
70,3,거신에 적용 가능한 업그레이드,"거신에게 적용 가능한 업그레이드는 4가지가 있습니다.
- 열 광선 사거리 연구 : 거신의 무기 사거리가 2만큼 증가합니다.
- 지상 무기 업그레이드 1,2,3 단계 : 거신의 공격력을 업그레이드 합니다.
- 지상 장갑 업그레이드 1,2,3 단계 : 거신의 방어력을 업그레이드 합니다.
- 보호막 업그레이드 1,2,3 단계 : 거신의 보호막 방어력을 업그레이드 합니다."
70,4,거신의 기본 능력,"거신이 보유한 기본 능력은 언덕 걸음 입니다.
- 언덕 걸음 : 거신은 언덕을 오르내릴 수 있습니다."
71,0,공허 포격기의 기본 정보,"공허 포격(Void ray)기는 스타크래프트2에 등장하는 프로토스 공중 유닛 입니다. 공허 포격기는 지상 및 공중 목표물 공격이 가능하며, 분광 정렬 기술을 통해 중장갑 유닛에게 주는 피해를 증가시킬 수 있습니다."
71,1,공허 포격기의 공격 능력,"공허 포격기는 분광 광선(Brismatic Beam)을 사용해 지상 및 공중 목표물을 공격합니다. 분광 정렬 기능을 활성화하면, 20초(아주 빠름 기준 14초)동안 중장갑 유닛에게 6의 추가 피해를 입힙니다. 대신 이동속도가 크게 감소합니다.
- 공격력 : 6(+1) / 중장갑 상대 : 10 -- > 16(+1)(분광 정렬 사용시)
- 사거리 : 6
- 공격 속도 : 0.5(아주 빠름 기준 0.36)
- 대상 : 지상 및 공중 목표물"
71,2,공허 포격기의 방어 능력,"공허 포격기는 아주 느린 이동속도를 보유하고 있습니다. 또한 분광 정렬을 사용할 경우, 이동속도가 큰 폭으로 낮아집니다. 유동성 추진기 연구를 통해 공허 포격기의 이동 속도를 업그레이드하고, 주위 유닛의 호위가 필요합니다.
- 생명력 : 150
- 보호막 : 100
- 방어력 : 0(+1)
- 보호막 방어력 : 0(+1)
- 특성 : 중장갑-기계"
71,3,공허 포격기의 기본 능력,"공허포격기의 기본 능력은 분광 정렬이 있습니다.
- 분광 정렬 : 공허 포격기의 분광 광선을 재정렬하여, 중장갑 유닛에게 주는 피해가 20초 (아주 빠름 기준 14초) 동안 6만큼 증가합니다. 분광 정렬이 활성화되어 있는 동안 공허 폭격기의 이동 속도가 감소합니다."
71,4,공허 포격기에 적용 가능한 업그레이드,"공허 포격기에 적용 가능한 업그레이드는 4가지가 있습니다.
- 유동성 추진기 : 공허 포격기의 이동 속도와 이동 가속도가 증가합니다.
- 공중 무기 업그레이드 1,2,3 단계 : 공허 포격기의 공격력을 업그레이드 합니다.
- 공중 장갑 업그레이드 1,2,3 단계 : 공허 포격기의 방어력을 업그레이드 합니다.
- 보호막 업그레이드 1,2,3 단계 : 공허 포격기의 보호막 방어력을 업그레이드 합니다."
72,0,집정관의 기본 정보,"집정관(Archon)은 스타크래프트2에 등장하는 프로토스 지상 유닛 입니다. 고위기사-고위기사, 암흑기사-암흑기사, 고위기사-암흑기사 조합으로 합체시켜 집정관을 만들 수 있습니다."
72,1,집정관의 공격 능력,"집정관은 강력한 사이오닉 충격파(Psionic Shockwave)를 사용하여 적을 공격합니다.
- 공격력 : 25(+3) (범위 피해) / 생체 상대 : 35(+4) (범위 피해)
- 사거리 : 3
- 공격 속도 : 1.754(아주 빠름 기준 1.25)
- 대상 : 지상 및 공중 목표물"
72,2,집정관의 방어 능력,"집정관은 강력한 보호막을 가졌지만, 낮은 체력을 보유하고 있으므로 테란의 EMP공격에 취약합니다. 테란 유령을 조심해야합니다. 고위기사의 환류가 도움이 될 수 있습니다.
- 생명력 : 10
- 보호막 : 350
- 방어력 : 0(+1)
- 보호막 방어력 : 0(+1)
- 특성 : 사이오닉-거대"
72,3,집정관의 기본 능력,집정관이 보유한 기본 능력은 존재하지 않습니다.
72,4,집정관에 적용 가능한 업그레이드,"집정관에게 적용 가능한 업그레이드는 3가지가 있습니다.
- 지상 무기 업그레이드 1,2,3 단계 : 집정관의 공격력을 업그레이드 합니다.
- 지상 장갑 업그레이드 1,2,3 단계 : 집정관의 방어력을 업그레이드 합니다.
- 보호막 업그레이드 1,2,3 단계 : 집정관의 보호막 방어력을 업그레이드 합니다."
73,0,고위 기사의 기본 정보,"고위 기사(High Templar)는 강력한 사이오닝 능력으로 무장한 프로토스의 지상 유닛 입니다. 환류와 사이오닉 폭풍, 집정관 합체를 사용할 수 있습니다."
73,1,고위 기사의 공격 능력,"고위기사는 직접적인 공격이 불가능 합니다. 대신 에너지를 소모하는 능력을 사용해 적을 공격하거나, 집정관으로 합체하여 적과 직접 전투를 할 수 있습니다."
73,2,고위 기사의 방어 능력,"고위 기사는 낮은 체력과 보호막을 가지고 있습니다. 다만 강력한 사이오닉 능력으로 전투에 사용할 수 있으므로, 반드시 주위 유닛의 보호가 필요합니다.
- 생명력 : 40
- 보호막 : 40
- 방어력 : 0(+1)
- 보호막 방어력 : 0(+1)
- 특성 : 경장갑-생체-사이오닉"
73,3,고위 기사의 기본 능력,"고위 기사의 기본 능력은 환류와 집정관 합체가 있습니다.
- 환류 : 대상의 에너지를 모두 소진시키고, 소진된 에너지 1당 0.5의 피해를 입힙니다.
- 집정관 합체 : 고위기사, 암흑기사 두명 혹은 고위기사-암흑기사를 희생하여 집정관을 탄생시킵니다."
73,4,고위 기사의 업그레이드 목록,"고위 기사는 3가지 적용 가능한 업그레이드가 있습니다.
- 사이오닉 폭풍 : 짧은 시간동안 지속되는 사이오닉 에너지의 폭풍을 생성하여, 대상 지역에 있는 모든 유닛에게 최대 80의 피해를 줍니다.
- 지상 장갑 업그레이드 1,2,3 단계 : 고위 기사의 방어력을 업그레이드 합니다.
- 보호막 업그레이드 1,2,3 단계 : 고위 기사의 보호막 방어력을 업그레이드 합니다."
74,0,암흑 기사의 기본 정보,"암흑 기사(Dark Templar)는 스타크래프트2에 등장하는 프로토스의 암살 전사 입니다. 영구 은폐 능력이 있으며, 탐지 능력이 없는 적에게는 보이지 않습니다. 집정관으로 합체할 수 있습니다."
74,1,암흑 기사의 공격 능력,"암흑 기사는 변형 차원검(Warp Blades)를 사용하여, 은폐 상태에서 적을 공격합니다.
- 공격력 : 45(+5)
- 사거리 : 0.1(근접)
- 공격 속도 : 1.694(아주 빠름 기준 1.21)
- 대상 : 지상 목표물"
74,2,암흑 기사의 방어 능력,"암흑 기사는 영구 은폐를 사용하는 암살 전사 입니다. 적에게 보이지 않지만 낮은 체력과 보호막을 가지고 있으므로, 적에게 발각되지 않게 조심히 사용해야 합니다.
- 생명력 : 40
- 보호막 : 80
- 방어력 : 1(+1)
- 보호막 방어력 : 0(+1)
- 특성 : 경장갑-생체-사이오닉"
74,3,암흑 기사의 기본 능력,"암흑기사의 기본 능력은 두가지 입니다.
- 영구 은폐 : 암흑 기사는 영구 은폐 상태입니다.
- 집정관 합체 : 고위기사, 암흑기사 두명 혹은 고위기사-암흑기사를 희생하여 집정관을 탄생시킵니다."
74,4,암흑 기사에 적용 가능한 업그레이드,"암흑기사에 적용 가능한 업그레이드는 4가지가 있습니다.
- 그림자 걸음 : 암흑 기사가 주위의 대상 위치로 순간이동합니다. 20초(아주 빠름 기준 14초)에 한번씩만 사용할 수 있습니다.
- 지상 무기 업그레이드 1,2,3 단계 : 암흑 기사의 공격력을 업그레이드 합니다.
- 지상 장갑 업그레이드 1,2,3 단계 : 암흑 기사의 방어력을 업그레이드 합니다.
- 보호막 업그레이드 1,2,3 단계 : 암흑 기사의 보호막 방어력을 업그레이드 합니다."
75,0,스타2 프로토스 모선 기본 정보,모선(Mothership)은 스타크래프트2에 등장하는 궁극의 프로토스 함선 입니다. 대규모 소환과 시간 왜곡 능력을 사용할 수 있습니다. 주위 아군 유닛과 구조물을 은폐시킵니다.
75,1,모선의 공격 능력,"모선은 정화 광선(Purifier Beam)을 사용하여 지상 및 공중 목표물을 공격합니다.
- 공격력 : 6(+1) x 6
- 사거리 : 7
- 공격 속도 : 2.21(아주 빠름 기준 1.58)
- 대상 : 지상 및 공중 목표물"
75,2,모선의 방어 능력,"모선은 이동속도가 매우 느립니다. 대규모 소환과 같은 여러 능력을 사용할 수 있으므로 주위 유닛의 보호가 필요합니다.
- 생명력 : 250
- 보호막 : 250
- 방어력 : 2(+1)
- 보호막 방어력 : 0(+1)
- 특성 : 중장갑-기계-사이오닉-거대-영웅"
75,3,모선의 기본 능력,"모선이 가진 기본 능력은 3가지가 있습니다.
- 대규모 소환 : 대상 지역에 있는 플에이어 유닛을 모두 모선 밑으로 소환합니다.
- 시간 왜곡 : 잠시 후 대상 지역의 시공간을 10초(아주 빠름 기준 7초)동안 왜곡합니다. 이 왜곡장 안의 모든 적 유닛과 구조물은 공격 속도와 이동 속도가 40%만큼 감소합니다.
- 은폐장 : 28초(아주 빠름 기준 20초)간 반경 5 내 주위 아군 유닛과 구조물을 은폐합니다. 재사용 대기 시간이 존재합니다."
75,4,모선에 적용 가능한 업그레이드,"모선은 세 가지 적용 가능한 업그레이드가 있습니다.
- 공중 무기 업그레이드 1,2,3 단계 : 모선의 공격력을 업그레이드 합니다.
- 공중 장갑 업그레이드 1,2,3 단계 : 모선의 방어력을 업그레이드 합니다.
- 보호막 업그레이드 1,2,3 단계 : 모선의 보호막 방어력을 업그레이드 합니다."
76,0,스타2 프로토스 우주모함의 기본 정보,우주모함(Carrier)는 스타크래프트2의 프로토스 주력함 입니다. 요격기를 생산하고 출격시켜 적을 공격합니다. 출격한 요격기는 적의 공격을 받아 파괴될 수 있습니다. 요격기는 우주모함마다 최대 8기를 보유할 수 있습니다.
76,1,우주 모함의 공격 능력,"우주 모함은 요격기(Interceptor)를 출격시켜 적을 공격합니다.
요격기 발사(Interceptor Launch) (숨겨짐)
- 공격력 : 없음 
- 사거리 : 8
- 무기 속도 : 0.375(아주 빠름 기준 0.27) (요격기 발사 속도)
- 요격기 유지 거리 : 14

요격기 광선(Interceptor Beam) (요격기가 떠다니며 실제 피해를 입힘)
- 공격력 : 5(+1) x 2
- 사거리 : 2
- 공격 속도 : 3(아주 빠름 기준 2.14)
- 대상 : 지상 및 공중 목표물"
76,2,우주 모함의 방어 능력,"우주 모함은 튼튼한 체력과 방어력을 가지고 있습니다. 단독으로 사용할 수 있지만, 지상군과 조합이 되면 막강한 파괴력을 자랑합니다.
- 생명력 : 300
- 보호막 : 150
- 방어력 : 2(+1)
- 보호막 방어력 : 0(+1)
- 특성 : 중장갑-기계-거대 

우주모함에서 출격한 요격기의 방어 능력은 아래와 같습니다.
- 생명력 : 40
- 보호막 : 40
- 방어력 : 0(+1)
- 보호막 방어력 : 0(+1)
- 특성 : 중장갑-기계-거대"
76,3,우주모함에 적용 가능한 업그레이드,"우주모함에 적용 가능한 업그레이드는 총 3가지 입니다.
- 공중 무기 업그레이드 1,2,3 단계 : 우주모함과 요격기의 공격력을 업그레이드 합니다.
- 공중 장갑 업그레이드 1,2,3 단계 : 우주모함과 요격기의 방어력을 업그레이드 합니다.
- 보호막 업그레이드 1,2,3 단계 : 우주모함과 요격기의 방어력을 업그레이드 합니다."
76,4,우주모함의 기본 능력,"우주모함의 기본 능력은 요격기 생산 입니다.
- 요격기 생산 : 우주모함의 대상을 자동으로 공격하는 요격기를 생산합니다. 생산된 요격기가 없는 우주모함은 공격할 수 없습니다. 자동 시전이 가능합니다."
77,0,우주모함의 요격기에 대한 기본 정보,요격기(Interceptor)는 스타크래프트2의 프로토스 우주모함에서 생산 가능한 무인 전투기 입니다. 우주모함이 지정한 공격 대상을 자동으로 타격합니다.
77,1,요격기의 공격 능력,"요격기는 낮은 체력과 방어력을 가지고 있습니다. 하지만 파괴될 경우, 우주모함에서 새로 생산이 가능합니다.

요격기 광선(Interceptor Beam) (요격기가 떠다니며 실제 피해를 입힘)
- 공격력 : 5(+1) x 2
- 사거리 : 2
- 공격 속도 : 3(아주 빠름 기준 2.14)
- 대상 : 지상 및 공중 목표물"
77,2,요격기의 방어 능력,"우주모함에서 출격한 요격기의 방어 능력은 아래와 같습니다.
- 생명력 : 40
- 보호막 : 40
- 방어력 : 0(+1)
- 보호막 방어력 : 0(+1)
- 특성 : 경장갑-기계"
77,3,요격기에 적용 가능한 업그레이드,"요격기는 3가지 업그레이드가 가능합니다.
- 공중 무기 업그레이드 1,2,3 단계 : 요격기의 공격력을 업그레이드 합니다.
- 공중 장갑 업그레이드 1,2,3 단계 : 요격기의 방어력을 업그레이드 합니다.
- 보호막 업그레이드 1,2,3 단계 : 요격기의 방어력을 업그레이드 합니다."
77,4,요격기가 보유한 기본 능력,요격기가 보유한 기본 능력은 존재하지 않습니다.
78,0,스타2 관측선의 기본 정보,관측선(Observer)은 스타크래프트2의 프로토스 공중 정찰 비행선 입니다. 영구 은폐상태 이므로 적의 상황을 감시하는데 아주 유용합니다.
78,1,관측선의 공격 능력,"관측선은 공격이 불가능 합니다. 대신 영구 은폐와 탐지기 능력을 가지고 있으므로, 전장의 은폐 잠복 환상 유닛을 탐지하여 아군의 전투에 도움을 줄 수 있습니다."
78,2,관측선의 방어 능력,"관측선은 낮은 체력과 보호막을 가지고 있습니다. 하지만 영구 은폐를 가지고 있으므로 홀로 전장을 돌아다니며 정찰 활동을 수행할 수 있습니다.
- 생명력 : 40
- 보호막 : 20
- 방어력 : 0(+1)
- 보호막 방어력 : 0(+1)
- 특성 : 경장갑-기계"
78,3,관측선에 적용 가능한 업그레이드,"중력 가속 업그레이드를 포함하여 3가지 적용 가능한 업그레이드가 있습니다.
- 중력 가속 : 관측선의 이동속도를 증가시킵니다.
- 공중 장갑 업그레이드 1,2,3 단계 : 관측선의 방어력을 업그레이드 합니다.
- 보호막 업그레이드 1,2,3 단계 : 관측선의 방어력을 업그레이드 합니다."
78,4,관측선의 기본 능력,"관측선이 보유한 기본 능력은 4가지 입니다.
- 감시 모드 : 관측선을 감시 모드로 전환합니다. 관측선의 시야가 25%만큼 증가하는 대신, 이동할 수 없습니다.
- 관측 모드 : 관측선을 일반 관측 모드로 전환합니다. 관측선의 시야 반경이 줄어드는 대신, 이동할 수 있습니다.
- 영구 은폐 : 관측선은 영구 은폐 상태입니다.
- 탐지기 : 관측선은 은폐, 잠복, 환상 유닛을 탐지할 수 있습니다."
79,0,스타2 예언자의 기본 정보,"예언자(Oracle)는 특수 능력을 사용하는 스타크래프트2 프로토스의 비행 유닛으로, 계시 정지장 수호물, 펄서 광선을 사용합니다."
79,1,예언자의 공격 능력,"예언자는 펄서 광선(Pulsar Beam)을 사용하여 적을 공격합니다. 펄서 광선은 활성화시 초당 1.4(아주 빠름 기준 2.01)의 에너지를 소모합니다.
- 공격력 : 15 (방어 무시) / 경장갑 상대 : 22(방어 무시)
- 사거리 : 4
- 공격 속도 : 0.86(아주 빠름 기준 0.61)
- 대상 : 지상 목표물"
79,2,예언자의 방어 능력,"예언자는 빠른 이동 속도와 계시를 사용한 은폐, 잠복 탐지로 정찰 및 전술 기동 유닛으로 활용할 수 있습니다. 빠른 이동속도를 활용해 예언자 부대를 별도로 운용할 수 있습니다.
- 생명력 : 100
- 보호막 : 60
- 방어력 : 0(+1)
- 보호막 방어력 : 0(+1)
- 특성 : 중장갑-기계-사이오닉"
79,3,예언자가 보유한 기본 능력,"예언자는 4가지 기본 능력을 가지고 있습니다.
- 펄서 광선 활성화 : 펄서 광선을 충전하여 적 지상 목표물을 공격합니다.
- 펄서 광선 비활성화 : 펄서 광선을 비활성화하고 공격을 멈춥니다.
- 계시 : 일정 시간동안 대상 지역 안에 있는 적 유닛과 구조물을 볼 수 있습니다. 은폐하거나 잠복한 유닛과 구조물은 모습이 드러납니다.
- 정지장 수호물 : 대상 지점에 238초 (아주 빠름기준 170초) 동안 지속되는 은폐된 정지장 수호물을 설치합니다. 적 지상 유닛이 이를 활성화하면 주위 적들을 30초 (아주 빠름기준 21초) 동안 정지장 안에 가둡니다. 갇힌 유닛은 공격당하지 않으며 능력의 영향을 받지도 않습니다."
79,4,예언자에 적용 가능한 업그레이드,"예언자는 2가지 적용 가능한 업그레이드가 있습니다.
- 공중 장갑 업그레이드 1,2,3 단계 : 예언자의 방어력을 업그레이드 합니다.
- 보호막 업그레이드 1,2,3 단계 : 예언자의 방어력을 업그레이드 합니다."
80,0,스타2 프로토스 폭풍함의 기본 정보,폭풍함(Tempest)은 스타크래프트2에 등장하는 프로트스의 공중 공성 포함 입니다. 아주 먼 거리에서 공격이 가능하며 지상 및 공중 목표물을 타격합니다.
80,1,폭풍함의 공격 능력,"폭풍함은 공진 코일(Resonance Coil)을 사용하여 지상 목표물을 공격합니다. 그리고 에너지 과부하(Kinetic Overload)를 사용하여 공중 목표물을 공격합니다.

공진 코일 
- 공격력 : 40(+4) / 구조물 상대 : 40 --> 80(+4)(구조 불안정장치)
- 사거리 : 10
- 공격 속도 : 3.3(아주 빠름 기준 2.36)
- 대상 : 지상 목표물

에너지 과부하 
- 공격력 : 30(+3) / 거대 상대 : 52(+5)
- 사거리 : 14
- 공격 속도 : 3.3(아주 빠름 기준 2.36)
- 대상 : 공중 목표물"
80,2,폭풍함의 방어 능력,"폭풍함은 느린 이동속도를 가졌지만 매우 긴 사거리를 자랑합니다. 주력 부대 뒤에서 폭풍함을 운용할 수 있습니다.
- 생명력 : 200
- 보호막 : 100
- 방어력 : 2(+1)
- 보호막 방어력 : 0(+1)
- 특성 : 중장갑-기계-거대"
80,3,폭풍함의 기본 능력,폭풍함이 보유한 기본 능력은 존재하지 않습니다.
80,4,폭풍함에 적용 가능한 업그레이드,"폭풍함은 4가지 업그레이드가 가능합니다.
- 구조 불안정 장치 : 폭풍함의 공진 코일이 구조물에 +40의 피해를 줍니다.
- 공중 무기 업그레이드 1,2,3 단계 : 폭풍함의 공격력을 업그레이드 합니다.
- 공중 장갑 업그레이드 1,2,3 단계 : 폭풍함의 방어력을 업그레이드 합니다.
- 보호막 업그레이드 1,2,3 단계 : 폭풍함의 방어력을 업그레이드 합니다."
81,0,파수기의 기본 정보,"파수기(Sentry)는 스타크래프트2에 등장하는 프로토스의 지상 지원 유닛 입니다. 에너지 조작 유닛으로. 역장, 수호 방패, 환상을 사용할 수 있습니다."
81,1,파수기의 공격 능력,"파수기는 분열 광선(Disruption Beam)을 사용하여 지상 및 공중 목표물을 공격합니다.
- 공격력 : 6(+1)
- 사거리 : 5
- 공격 속도 : 1(아주 빠름 기준 0.71)
- 대상 : 지상 및 공중 목표물"
81,2,파수기의 방어 능력,"파수기는 낮은 체력과 보호막을 가진 지원 유닛이므로, 주력 부대의 호위가 필요합니다.
- 생명력 : 40
- 보호막 : 40
- 방어력 : 1(+1)
- 보호막 방어력 : 0(+1)
- 특성 : 경장갑-기계-사이오닉"
81,3,파수기에 적용 가능한 업그레이드,"파수기는 3가지 적용 가능한 업그레이드가 있습니다.
- 지상 무기 업그레이드 1,2,3 단계 : 파수기의 공격력을 업그레이드 합니다.
- 지상 장갑 업그레이드 1,2,3 단계 : 파수기의 방어력을 업그레이드 합니다.
- 보호막 업그레이드 1,2,3 단계 : 파수기의 방어력을 업그레이드 합니다."
81,4,파수기의 기본 능력,"파수기는 3가지 기본 능력이 존재합니다.
- 역장 : 15초 (아주 빠름 기준 11초) 동안 지속하는 벽을 생성하여 지상 유닛의 이동을 방해합니다. 거대 유닛과 부딪히면 역장이 부서집니다.
- 수호방패 : 범위 4.5의 오라를 생성하여 아군 유닛이 받는 원거리 피해를 2만큼 감소시킵니다. 18초 (아주 빠름 기준 12.86초) 동안 지속됩니다.
- 환상 : 환상을 생성합니다. 환상은 능력을 사용하거나 적에게 피해를 줄 수 없으며 더 쉽게 죽습니다. 복제된 환상은 60초 (아주 빠름 기준 43초) 후 소멸합니다. 탐지 능력이 있는 적은 환상을 구별할 수 있습니다."
82,0,사도의 기본 정보,사도(Adept)는 스타크래프트2에 등장하는 프로토스의 지상 유닛 입니다. 원거리 특수 유닛으로. 사이오닉 이동을 사용할 수 있습니다.
82,1,사도의 공격 능력,"사도는 쐐기포(Glaive Cannon)을 사용하여 지상 목표물을 공격합니다.
- 공격력 : 10(+1) / 경장갑 상대 : 22(+2)
- 사거리 : 4
- 공격 속도 : 2.25 --> 1.5517(공명파열포) (아주 빠름 기준 1.61 -- > 1.11(공명파열포))
- 대상 : 지상 및 공중 목표물"
82,2,사도의 방어 능력,"사도는 경장갑 상대로 강한 공격력을 지녔지만, 공격속도가 느리므로 광전사, 추적자 등과 같이 사용하거나 사이오닉 이동을 사용하여 게릴라전을 유도할 수 있습니다.
- 생명력 : 70
- 보호막 : 70
- 방어력 : 1(+1)
- 보호막 방어력 : 0(+1)
- 특성 : 경장갑-생체"
82,3,사도의 기본 능력 정보,"사도는 1가지 기본 능력이 존재합니다.
- 사이오닉 이동 : 이동할 수 있지만 공격 능력이 없으며 피해도 받지 않는 그림자를 투사합니다. 10초 (아주 빠름 기준 7초) 후 사도는 그림자의 위치로 순간이동합니다."
82,4,사도에 적용 가능한 업그레이드,"사도는 4가지 적용 가능한 업그레이드가 있습니다.
- 공명 파열포 : 사도의 공격 속도가 45%만큼 증가합니다.
- 지상 무기 업그레이드 1,2,3 단계 : 사도의 공격력을 업그레이드 합니다.
- 지상 장갑 업그레이드 1,2,3 단계 : 사도의 방어력을 업그레이드 합니다.
- 보호막 업그레이드 1,2,3 단계 : 사도의 방어력을 업그레이드 합니다."
83,0,분열기의 기본 정보,분열기(Disruptor)는 스타크래프트2에 등장하는 프로토스의 공성 지상 유닛 입니다. 정화 폭발을 사용하여 넓은 범위의 적을 공격할 수 있습니다.
83,1,분열기의 공격 능력,"분열기는 기본 공격 능력은 없지만, 정화폭발(Purification Nova)을 사용해 적을 공격합니다."
83,2,분열기의 방어 능력,"분열기는 기본 공격 능력이 없고, 재사용 대기시간이 긴 정화 폭발을 사용하여 공격하므로 반드시 주위 유닛의 호위가 필요합니다.
- 생명력 : 100
- 보호막 : 100
- 방어력 : 1(+1)
- 보호막 방어력 : 0(+1)
- 특성 : 경장갑-기계"
83,3,분열기가 보유한 기본 능력,"분열기의 기본 능력은 정화 폭발 입니다.
- 정화 폭발 : 3초 (아주 빠름 기준 2.14초) 동안 지속되는 에너지 구체를 발사합니다. 구체는 지속 시간 후 강력한 폭발 에너지를 방출하여 주위 지상 유닛과 구조물에 145의 방사 피해를 주고 추가로 55의 보호막 피해를 줍니다. 에너지 구체가 활성화되어 있는 동안 분열기는 이동 불가 상태가 됩니다."
83,4,분열기에 적용 가능한 업그레이드,"분열기는 두가지 적용 가능한 업그레이드가 있습니다.
- 지상 장갑 업그레이드 1,2,3 단계 : 분열기의 방어력을 업그레이드 합니다.
- 보호막 업그레이드 1,2,3 단계 : 분열기의 방어력을 업그레이드 합니다."